## release,software,version,type,comment,
000 ,CHR ,,new ,,
000 ,EMS ,,new ,,
000 ,GKS ,,new ,,
000 ,GNS ,,new ,,
000 ,SGS ,,new ,,
001 ,NAG ,,new ,,
002 ,TEX ,v3.14 ,new ,,
003 ,EMS ,,update ,,
004 ,CNF ,,new ,,
004 ,PSX ,,new ,,
005 ,CHR ,,update ,,
005 ,GKS ,,update ,,
005 ,GNS ,,fix ,,
005 ,PGPLOT ,,new ,,
005 ,PSX ,,update ,,
005 ,SGS ,,update ,,
006 ,GKS ,,update ,,
006 ,GWM ,,new ,,
006 ,PGPLOT ,,fix ,,
007 ,GKS ,,fix ,,
007 ,HDS ,,new ,,
008 ,CNF ,,fix ,,
008 ,HDS ,,fix ,,
008 ,PSX ,,fix ,,
008 ,XDISPLAY ,,new ,,
009 ,EMACS ,,new ,,
010 ,SLALIB ,,new ,,
011 ,TEX ,,update ,,
012 ,GWM ,,update ,,
012 ,TEX ,,update ,,
013 ,GWM ,,fix ,,
013 ,SPT ,,new ,,
013 ,TEX ,,update ,,
014 ,EMS ,,update ,,
014 ,GKS ,,fix ,,
014 ,GNS ,,fix ,,
014 ,GWM ,,fix ,,
014 ,MERS ,,new ,,
014 ,PGPLOT ,,fix ,,
014 ,PSX ,,fix ,,
014 ,SGS ,,fix ,,
015 ,HDS ,,update ,,
016 ,GNS ,,update ,,
017 ,EMS ,,fix ,,
017 ,IDI ,,new ,,
017 ,MERS ,,fix ,,
017 ,PGPLOT ,,fix ,,
017 ,SGS ,,update ,,
018 ,ADAM ,,new ,,
018 ,ARY ,,new ,,
018 ,CNF ,,update ,,
018 ,EMS ,,update ,,
018 ,FIO ,,new ,,
018 ,GWM ,,update ,,
018 ,HDS ,,fix ,,
018 ,MERS ,,update ,,
018 ,NDF ,,new ,,
018 ,PRIMDAT ,,new ,,
018 ,PSX ,,update ,,
018 ,SPT ,,fix ,,
019 ,ADAM ,,fix ,,
019 ,CHR ,,update ,,
019 ,GKS ,,update ,,
019 ,GNS ,,update ,,
019 ,SGS ,,update ,,
020 ,ADAM ,,fix ,,
020 ,AGI ,,new ,,
020 ,DAOPHOT ,,new ,,
020 ,GNS ,,fix ,,
020 ,IDI ,,update ,,
020 ,NCAR ,,new ,,
020 ,PGPLOT ,,update ,,
020 ,REF ,,new ,,
020 ,TRANSFORM ,,new ,,
021 ,AGI ,,update ,,
021 ,ASURV ,,new ,,
021 ,NEWS ,,new ,,
022 ,ADAM ,,update ,,
022 ,GKS ,,update ,,
022 ,GWM ,,update ,,
022 ,IDI ,,update ,,
022 ,PGPLOT ,,update ,,
022 ,SGS ,,update ,,
023 ,AGI ,,fix ,,
023 ,DAOPHOT ,,update ,,
023 ,GNS ,,fix ,,
023 ,NDF ,,fix ,,
023 ,PHOTOM ,,new ,,
024 ,ADAM ,,fix ,,
024 ,EMS ,,update ,,
024 ,GWM ,,update ,,
024 ,HLP ,,new ,,
024 ,MERS ,,update ,,
024 ,SGS ,,update ,,
024 ,SLALIB ,,update ,,
024 ,SPT ,,update ,,
025 ,ADAM ,,fix ,,
025 ,DAOPHOT ,,relink ,,
025 ,EMS ,,fix ,,
025 ,GKS ,,update ,,
025 ,GNS ,,update ,,
025 ,GWM ,,update ,,
025 ,MERS ,,fix ,,
025 ,PGPLOT ,,update ,,
025 ,PHOTOM ,,relink ,,
025 ,SPT ,,fix ,,
026 ,CCDPACK ,,new ,,
026 ,SGS ,,update ,,
027 ,HLP ,,fix ,,
027 ,PISA ,,new ,,
028 ,A2PS ,,new ,,
028 ,PGPLOT ,,fix ,,
029 ,NCAR ,,fix ,,
029 ,PISA ,,fix ,,
029 ,SNX ,,new ,,
030 ,AGI ,,fix ,,
030 ,GNS ,,update ,,
030 ,IDI ,,fix ,,
031 ,AGI ,,fix ,,
031 ,GNS ,,update ,,
031 ,IDI ,,fix ,,
032 ,A2PS ,,rebuild ,,
032 ,ADAM ,,update ,,
032 ,AGI ,,update ,,
032 ,ARY ,,rebuild ,,
032 ,ASTROM ,,new ,,
032 ,ASURV ,,rebuild ,,
032 ,CCDPACK ,,update ,,
032 ,CHR ,,rebuild ,,
032 ,CNF ,,rebuild ,,
032 ,COCO ,,new ,,
032 ,DAOPHOT ,,rebuild ,,
032 ,EMACS ,,rebuild ,,
032 ,EMS ,,rebuild ,,
032 ,FIO ,,rebuild ,,
032 ,GKS ,,rebuild ,,
032 ,GNS ,,update ,,
032 ,GRAPHPAR ,,new ,,
032 ,GRP ,,new ,,
032 ,GWM ,,rebuild ,,
032 ,HDS ,,rebuild ,,
032 ,HLP ,,rebuild ,,
032 ,IDI ,,rebuild ,,
032 ,KAPPA ,,new ,,
032 ,NAG ,,rebuild ,,
032 ,NCAR ,,rebuild ,,
032 ,NDF ,,rebuild ,,
032 ,NEWS ,,rebuild ,,
032 ,PGPLOT ,,rebuild ,,
032 ,PHOTOM ,,update ,,
032 ,PISA ,,update ,,
032 ,PRIMDAT ,,rebuild ,,
032 ,PSX ,,rebuild ,,
032 ,REF ,,rebuild ,,
032 ,RV ,,new ,,
032 ,SGS ,,rebuild ,,
032 ,SLALIB ,,rebuild ,,
032 ,SNX ,,rebuild ,,
032 ,SPECDRE ,,new ,,
032 ,SPT ,,rebuild ,,
032 ,TEX ,,rebuild ,,
032 ,TPOINT ,,new ,,
032 ,TRANSFORM ,,rebuild ,,
032 ,VMSBACKUP ,,new ,,
032 ,XDISPLAY ,,rebuild ,,
032A,GKS ,,fix ,,
032A,HDS ,,fix ,,
032A,KAPPA ,,fix ,,
032A,PRIMDAT ,,fix ,,
033 ,GKS ,,fix ,,
033 ,GNS ,,fix ,,
034 ,TPOINT ,,update ,,
035 ,EMACS ,,fix ,,
035 ,PISA ,,fix ,,
035 ,SOFTLINK ,,new ,,
035 ,XDISPLAY ,,update ,,
036 ,FIGARO ,,new ,,
037 ,GKS ,,fix ,,
037 ,XDISPLAY ,,fix ,,
038 ,HXIS ,,new ,,
039 ,FORMLOAD ,,new ,,
039A,FORMLOAD ,,fix ,,
039B,FORMLOAD ,,fix ,,
040 ,FIO ,,update ,,
040 ,MAG ,,new ,,
040 ,NEWS ,,update ,,
041 ,KAPPA ,v0.8-5 ,update ,,
041 ,REF ,,update ,,
042 ,AGI ,,update ,,
042 ,CCDPACK ,,update ,,
042 ,FIGARO ,,update ,,
042 ,GENERIC ,,new ,,
042 ,IDI ,,update ,,
042 ,PSMERGE ,,new ,,
043 ,ARY ,,update ,,
043 ,GRP ,,update ,,
043 ,MAG ,,fix ,,
043 ,NDF ,,update ,,
044 ,MEMSYS ,,new ,,
045 ,IDI ,v1.6 ,fix ,,
045 ,PSMERGE ,,fix ,,
045A,IDI ,v1.6 ,fix ,,
046 ,GKS ,,fix ,7.4 ,
046 ,NBS ,v2.4 ,new ,,
047 ,JED ,v0.90a ,new ,,
047 ,NBS ,,fix ,,
047 ,PISA ,v2.1-1 ,update ,,
048 ,FIGARO ,v3.1-1 ,update ,,
048 ,SAOIMAGE ,v1.0-7 ,new ,,
049 ,GKS ,,fix ,7.4 ,
049 ,PINE ,v3.0-5 ,new ,,
050 ,FIO ,,fix ,,
050 ,GKS ,,fix ,7.4 ,
050 ,HLP ,,fix ,,
050 ,MAG ,,fix ,,
052 ,FORMLOAD ,,update ,,
053 ,GENERIC ,,update ,,
053 ,KAPPA ,v0.8-5SU ,update ,,
053 ,VMSBACKUP ,,fix ,,
053B,KAPPA ,v0.8-5SU ,relink ,,
054 ,DIPSO ,v3.0 ,new ,,
054 ,PGPLOT ,v1.4 ,update ,4.9G ,
054B,PGPLOT ,v1.4-1 ,fix ,4.9G ,
055 ,IUEDR ,v3.0 ,new ,,
055 ,PGPLOT ,,update ,4.9G examples ,
055 ,XDISPLAY ,v2.0 ,update ,TPAU ,
056 ,DIPSO ,v3.0-1 ,fix ,,
056 ,FTNCHEK ,v2.6-1 ,new ,,
056 ,PINE ,3.87 ,update ,,
056 ,XANADU ,,new ,,
056 ,XDISPLAY ,v2.0-1 ,fix ,,
057 ,AGI ,,maint ,,
057 ,GNS ,,maint ,,
057 ,GRAPHPAR ,,maint ,,
057 ,IDI ,,maint ,,
057 ,SGS ,,maint ,,
058 ,CHR ,,maint ,,
058 ,CNF ,,maint ,,
058 ,EMS ,,maint ,,
058 ,GWM ,,maint ,,
058 ,HLP ,,maint ,,
058 ,JED ,v093 ,update ,,
058 ,MERS ,,maint ,,
058 ,PSX ,,maint ,,
058 ,SAOIMAGE ,,fix ,,
058A,EMS ,,fix ,,
058A,SAOIMAGE ,,relink ,,
059 ,PGPLOT ,,fix ,,
060 ,GWM ,,fix ,Sun Only ,
060 ,IRAS90 ,v0.0-0 ,new ,,
060 ,NBS ,v2.4-1 ,update ,,
061 ,CNF ,,fix ,,
061 ,DIPSO ,v3.0-2 ,fix ,,
061 ,FIGARO ,v3.2 ,update ,,
061 ,NEWS ,,fix ,,
061 ,SPECDRE ,v1.0 ,update ,,
062 ,CCDPACK ,v1.0 ,update ,,
062 ,XDISPLAY ,,fix ,,
063 ,ADAM ,v2.0 ,update ,,
063 ,HDS ,v4.1-7 ,update ,,
063 ,SAOIMAGE ,,fix ,,
063 ,TEX ,v3.141(5) ,update ,,
063A,TEX ,v3.1415(5),fix ,,
064 ,MEMSYS ,,maint ,,
065 ,ASTROM ,,maint ,,
065 ,COCO ,,maint ,,
065 ,HLP ,,update ,,
065 ,RV ,,maint ,,
065 ,SLALIB ,,update ,,
065 ,TPOINT ,,update ,,
066 ,ADAM ,v2.0 ,maint ,,
066 ,DOCFIND ,v1.0 ,new ,,
066 ,PAR ,v2.0 ,new ,,
066A,PAR ,v2.04 ,fix ,,
067 ,PISA ,v2.1-1 ,maint ,,
068 ,ADAM ,v2.0-1 ,update ,,
068 ,FORMLOAD ,v1.0-3 ,update ,,
068 ,HDSTRACE ,v1.2 ,new ,,
068 ,ICL ,v2.0 ,new ,,
068 ,MOSAIC ,v2.2 ,new ,,
068 ,RPS ,v4.0 ,new ,,
068 ,TEX ,v3.141(5) ,update ,,
068A,TEX ,v3.141(5) ,fix ,,
069 ,FIO ,v1.4 ,update ,,
069 ,FITSIO ,v3.411 ,new ,,
069 ,GRP ,v2.0 ,update ,,
069 ,HDSTRACE ,,fix ,,
070 ,EXPECT ,v5.1 ,new ,,
070 ,TCL ,v7.3 ,new ,,
070 ,TK ,v3.6 ,new ,,
070 ,XADAM ,v1.0-1 ,new ,,
070A,EXPECT ,v5.1 ,maint ,,
070A,TCL ,v7.3 ,maint ,,
070A,TK ,v3.6 ,maint ,,
071 ,CHART ,v4.0 ,new ,,
071A,CHART ,v4.0 ,maint ,,
072 ,ASURV ,v1.2 ,maint ,,
072 ,DIPSO ,v3.0-3 ,update ,,
072 ,EMAIL ,v1.0 ,new ,,
072 ,ICL ,v2.0-1 ,update ,,
073 ,CONVERT ,v0.5 ,new ,,
074 ,CAT ,v1.0 ,new ,,
074 ,CATAPP ,v1.0 ,new ,,
074 ,XDISPLAY ,v2.0-2 ,fix ,,
075 ,AGI ,,fix ,,
075 ,EMS ,v1.2-4 ,fix ,,
075 ,GNS ,,fix ,,
075 ,GRAPHPAR ,,fix ,,
075 ,IDI ,,fix ,,
075 ,SGS ,,fix ,,
076 ,CCDPACK ,v1.0-1 ,fix ,,
077 ,DIPSO ,v3.0-4 ,fix ,,
078 ,CHR ,v2.0 ,update ,,
078 ,DIPSO ,,maint ,,
078 ,HLP ,,maint ,makefiles ,
078 ,RV ,v2.2 ,update ,,
078 ,SLALIB ,v1.3-3 ,update ,,
079 ,JPL ,v2.0 ,new ,,
079 ,TSP ,v2.1 ,new ,,
080 ,A2PS ,v3.0-1 ,fix ,,
080 ,IUEDR ,v3.1 ,update ,,
081 ,CHR ,v1.3 ,fix ,,
081 ,EMACS ,v19.24 ,update ,,
081 ,EMS ,v1.3 ,update ,,
081 ,GWM ,v1.2 ,update ,,
081 ,HDS ,v4.1-7 ,rebuild ,,
081 ,MERS ,v1.3 ,update ,,
081 ,NBS ,v2.4-2 ,update ,,
081 ,TEX ,3.141(5) ,update ,,
081A,HDS ,v4.1-7 ,fix ,,
082 ,NAG ,,maint ,Fortran Mk 15 / Graphics Mk3 ,
083 ,ADAM ,,maint ,,
083 ,GENERIC ,,maint ,,
083 ,GRP ,,maint ,,
083 ,MAG ,,maint ,,
083 ,PAR ,,maint ,,
083 ,SOFTLINK ,v1.1 ,update ,,
084 ,ASTERIX ,v1.7-0 ,new ,,
084 ,ICL ,v2.1 ,update ,,
085 ,ECHOMOP ,v3.0 ,new ,,
085 ,EMAIL ,v1.0-1 ,update ,,
085 ,FORMLOAD ,v1.0-4 ,update ,,
086 ,TWODSPEC ,,new ,,
087 ,A2PS ,v3.0-2 ,fix ,,
087 ,ARD ,v1.0 ,new ,,
087 ,GRP ,v2.1 ,fix ,,
087 ,MESSGEN ,v1.0 ,new ,,
088 ,IRCAMPACK ,v1.0 ,new ,,
089 ,FIGARO ,v3.2-3 ,update ,,
090 ,A2PS ,v3.0-3 ,fix ,,
090 ,EMS ,v1.4 ,update ,,
090 ,MERS ,v1.4 ,update ,,
090 ,SLALIB ,v1.3-4 ,update ,,
090 ,TEX ,,update ,MNRAS ,
091 ,NEWS ,v2.0 ,update ,,
091 ,OBSERVE ,v2.0 ,new ,,
091 ,PERL ,v4.036 ,new ,,
092 ,CATPAC ,v1.1 ,new ,,
092 ,PHOTOM ,v1.4-1 ,maint ,,
093 ,JCMTDR ,v1.1 ,new ,,
093 ,MOSAIC ,v2.4 ,fix ,,
093 ,SPECX ,v6.5 ,new ,,
094 ,OBSERVE ,v2.1 ,fix ,,
094 ,SLALIB ,v1.4-1 ,update ,,
095 ,MESSGEN ,v1.1 ,update ,,
095 ,OBSERVE ,v2.1-1 ,update ,,
096 ,IRAS90 ,v1.0 ,update ,,
097 ,IUEDR ,v3.1-9 ,fix ,,
098 ,PINE ,v3.91 ,update ,,
098 ,PONGO ,v1.1-0 ,new ,,
099 ,ESP ,v0.6 ,new ,,
100 ,NDPROGS ,v3.2 ,new ,,
101 ,ECHOMOP ,v3.0-1 ,fix ,,
102 ,GWM ,v1.3 ,update ,,
103 ,ASTROM ,v3.5-1 ,update ,,
103 ,COCO ,v2.2-1 ,update ,,
103 ,HLP ,v3.2-1 ,maint ,,
103 ,RV ,v2.3-1 ,update ,,
103 ,SLALIB ,v1.4-4 ,update ,,
103 ,TPOINT ,v4.4-1 ,update ,,
104 ,SAE ,v1.0 ,new ,,
104 ,SOFTLINK ,v1.2 ,maint ,,
105 ,DIPSO ,v3.1-3 ,update ,,
106 ,NBS ,v2.5 ,update ,,
106 ,PSMERGE ,v1.0-2 ,maint ,,
106 ,SKYCAL ,v4.1-1 ,new ,,
106 ,SPT ,v1.0-4 ,maint ,,
107 ,FORMLOAD ,v1.1 ,update ,,
107 ,SM ,v2.3.8 ,new ,,
108 ,GKS ,,update ,7.4 ,
108 ,GNS ,v1.1-1 ,fix ,,
108 ,GRAPHPAR ,v1.1-1 ,update ,,
108 ,GWM ,v1.3-1 ,update ,,
108 ,IDI ,v1.3-1 ,update ,,
108 ,STARX ,v1.0 ,new ,,
109 ,HLP ,v3.3-1 ,update ,,
109 ,JCMTDR ,v1.2 ,update ,,
109 ,SAOIMAGE ,,fix ,,
109 ,SPECX ,v6.6 ,update ,,
110 ,GKS ,,fix ,7.4 ,
110 ,NBS ,v2.5-1 ,fix ,,
111 ,A2PS ,,rebuild ,,
111 ,ADAM ,,rebuild ,,
111 ,AGI ,,rebuild ,,
111 ,ARD ,,rebuild ,,
111 ,ARY ,,rebuild ,,
111 ,ASTERIX ,,rebuild ,,
111 ,ASTROM ,,rebuild ,,
111 ,ASURV ,,rebuild ,,
111 ,CAT ,,rebuild ,,
111 ,CATAPP ,,rebuild ,,
111 ,CATPAC ,,rebuild ,,
111 ,CGS4DR ,,new ,,
111 ,CHART ,,rebuild ,,
111 ,CHR ,,rebuild ,,
111 ,CNF ,,rebuild ,,
111 ,COCO ,,rebuild ,,
111 ,CONVERT ,,rebuild ,,
111 ,DAOPHOT ,,rebuild ,,
111 ,DIPSO ,,rebuild ,,
111 ,DOCFIND ,,rebuild ,,
111 ,ECHOMOP ,,rebuild ,,
111 ,EMAIL ,,update ,,
111 ,EMS ,,rebuild ,,
111 ,ESP ,,rebuild ,,
111 ,FIGARO ,,rebuild ,,
111 ,FIO ,,rebuild ,,
111 ,FITSIO ,,rebuild ,,
111 ,FORMLOAD ,,rebuild ,,
111 ,GENERIC ,,rebuild ,,
111 ,GKS ,,maint ,,
111 ,GNS ,,rebuild ,,
111 ,GRAPHPAR ,,rebuild ,,
111 ,GRP ,,rebuild ,,
111 ,GWM ,,rebuild ,,
111 ,HDS ,,rebuild ,,
111 ,HDSTRACE ,,rebuild ,,
111 ,HLP ,,rebuild ,,
111 ,ICL ,,update ,,
111 ,IDI ,,rebuild ,,
111 ,IRAS90 ,,update ,,
111 ,IRCAMPACK ,,rebuild ,,
111 ,IUEDR ,,rebuild ,,
111 ,JCMTDR ,,rebuild ,,
111 ,JPL ,,rebuild ,,
111 ,KAPPA ,,update ,,
111 ,MAG ,,rebuild ,,
111 ,MERS ,,rebuild ,,
111 ,MESSGEN ,,rebuild ,,
111 ,NBS ,,rebuild ,,
111 ,NCAR ,,maint ,,
111 ,NDF ,,rebuild ,,
111 ,NDPROGS ,,rebuild ,,
111 ,NEWS ,,rebuild ,,
111 ,OBSERVE ,,rebuild ,,
111 ,PAR ,,rebuild ,,
111 ,PGPLOT ,,rebuild ,,
111 ,PHOTOM ,,rebuild ,,
111 ,PISA ,,rebuild ,,
111 ,PONGO ,,update ,,
111 ,PRIMDAT ,,rebuild ,,
111 ,PSMERGE ,,rebuild ,,
111 ,PSX ,,rebuild ,,
111 ,REF ,,rebuild ,,
111 ,RPS ,,rebuild ,,
111 ,RV ,,rebuild ,,
111 ,SAE ,,rebuild ,,
111 ,SAOIMAGE ,,rebuild ,,
111 ,SGS ,,rebuild ,,
111 ,SKYCAL ,,rebuild ,,
111 ,SLALIB ,,rebuild ,,
111 ,SNX ,,maint ,,
111 ,SOFTLINK ,,maint ,,
111 ,SPECDRE ,,rebuild ,,
111 ,SPECX ,,rebuild ,,
111 ,SPT ,,rebuild ,,
111 ,STARX ,,rebuild ,,
111 ,TEX ,,rebuild ,,
111 ,TPOINT ,,rebuild ,,
111 ,TRANSFORM ,,maint ,,
111 ,TSP ,,rebuild ,,
111 ,TWODSPEC ,,rebuild ,,
111 ,XADAM ,,rebuild ,,
111 ,XDISPLAY ,,rebuild ,,
112 ,ISPELL ,v3.1-13 ,new ,,
112 ,TEX ,,update ,LaTeX2e ,
112A,ISPELL ,v3.1-13 ,fix ,,
112A,TEX ,,fix ,LaTeX2e ,
112B,TEX ,,fix ,LaTeX2e ,
113 ,ISPELL ,,update ,,
113 ,NDF ,v1.3-4 ,update ,,
113 ,SAE ,v1.0-1 ,update ,,
113 ,TRANSFORM ,v0.9-1 ,fix ,,
114 ,KAPPA ,v0.8-6Ua ,fix ,,
115 ,HTX ,v1.0-2 ,new ,,
116 ,EMAIL ,v1.2 ,update ,,
116 ,HLP ,v3.3-2a ,update ,,
116 ,HTX ,v1.0-3 ,fix ,,
116 ,REF ,v1.1-2 ,maint ,,
116 ,SLALIB ,v1.5-1 ,update ,,
116 ,TEX ,,fix ,LaTeX2e ,
117 ,COCO ,v2.2-2 ,update ,,
117 ,HDS ,v4.2-1 ,fix ,,
117 ,IRCAMPACK ,v1.0-1 ,fix ,,
118 ,PISA ,v2.2-0 ,update ,,
118 ,TEX ,,update ,LaTeX2e - aastex ,
119 ,HDSTRACE ,v1.2-1 ,fix ,,
120 ,ASTERIX ,v1.8-0 ,update ,,
120 ,PSX ,,update ,,
121 ,EMAIL ,v1.3 ,update ,,
121 ,SAOIMAGE ,v1.13 ,update ,,
122 ,CHR ,v2.2 ,update ,,
122 ,CNF ,v2.0-1 ,maint ,,
122 ,EMS ,v1.5 ,update ,,
122 ,FORMLOAD ,v1.1-1 ,update ,,
122 ,MERS ,v1.4-1 ,update ,,
122 ,PSX ,v0.0-1 ,maint ,,
122 ,SAE ,v1.0-2 ,maint ,,
123 ,ADAM ,v3.1 ,update ,,
123 ,ICL ,v3.1 ,update ,,
124 ,AGI ,v1.1-1 ,fix ,,
124 ,GKS ,,maint ,7.4 ,
124 ,GNS ,v1.1-2 ,fix ,,
124 ,GRAPHPAR ,v1.1-2 ,maint ,,
124 ,GWM ,v1.4 ,fix ,,
124 ,IDI ,v1.4 ,maint ,,
124 ,SGS ,v1.1-1 ,maint ,,
125 ,DOCFIND ,v1.1 ,fix ,,
125 ,NEWS ,v2.0 ,maint ,,
125 ,PERL ,v5.001m ,update ,,
126 ,GNS ,v1.1-3 ,fix ,,
126 ,NEWS ,v2.1 ,update ,,
127 ,GHOSTSCRIPT ,v3.33 ,new ,,
127 ,LATEX2HTML ,,new ,,
127A,LATEX2HTML ,,fix ,,
128 ,ISPELL ,v3.1-18 ,fix ,,
128 ,PDA ,v0.3 ,new ,,
129 ,PCS ,v3.1-1 ,update ,,
129 ,STAR2HTML ,v1.0 ,new ,,
129 ,STARADMIN ,v1.0 ,new ,,
130 ,CGS4DR ,v1.2-0 ,update ,,
130 ,ICL ,v3.1-1 ,update ,,
130 ,NBS ,v2.5-5 ,update ,,
130 ,STARTCL ,v1.0 ,new ,,
130 ,TCL ,v7.4 ,update ,,
130 ,TK ,v4.0 ,update ,,
130A,CGS4DR ,v1.2-0 ,fix ,,
131 ,FIO ,v1.5-1 ,maint ,,
132 ,CAT ,v2.1 ,update ,,
132 ,CATAPP ,v2.1 ,update ,,
132 ,CURSA ,v1.1 ,new ,,
133 ,GHOSTSCRIPT ,v3.51 ,update ,,
134 ,PGPLOT ,v5.0.2 ,update ,,
134 ,FITSIO ,v4.08 ,update ,,
134A,PGPLOT ,5.0.2 ,fix ,,
135 ,FIGARO ,v5.0-0 ,update ,,
136 ,TSP ,v2.2-0 ,update ,,
136 ,STARTCL ,v1.0 ,maint ,,
137 ,ASTERIX ,v1.8-1 ,update ,,
138 ,FIGARO ,v5.0-0 ,fix ,,
138 ,PGPLOT ,v5.0.2-1 ,fix ,,
139 ,HTX ,v1.1 ,update ,,
139 ,TEX ,,update ,,
140 ,WFCPACK ,v6.1 ,new ,,
141 ,STARMAN ,v2.0-0 ,new ,,
142 ,CCDPACK ,v2.0-0 ,update ,,
143 ,FIGARO ,v5.0-1 ,update ,,
144 ,CONVERT ,v0.6U ,update ,,
145 ,ECHOMOP ,v3.1-0 ,update ,,
146 ,PERIOD ,v4.1-0 ,new ,,
146 ,TEX ,,update ,MNRAS ,
147 ,HLP ,v3.3-3 ,maint ,,
147 ,POLMAP ,v1.0 ,new ,,
148 ,ARD ,v1.0-1 ,update ,,
148 ,IMG ,v1.0 ,new ,,
149 ,ARD ,v1.0-2 ,fix ,,
149 ,SPECDRE ,v1.1 ,update ,,
150 ,OBSERVE ,v2.1-2 ,fix ,,
150 ,FORMLOAD ,v1.1-2 ,update ,,
151 ,KAPPA ,v0.9 ,update ,,
151 ,CCDPACK ,v2.0-1 ,fix ,,
152 ,SLALIB ,v1.6-4 ,update ,,
152 ,GKS ,v1.3-7 ,update ,,
153 ,NDF ,v1.3-5 ,maint ,,
153 ,GRP ,v2.1 ,maint ,,
154 ,DIPSO ,v3.3 ,update ,,
155 ,DOCFIND ,v1.2 ,maint ,,
155 ,RPS ,v5.4 ,update ,,
155 ,PISA ,v2.3 ,update ,,
156 ,PONGO ,v1.1-3 ,update ,,
156 ,IUEDR ,v3.2-0 ,update ,,
157 ,CHR ,v2.2-1 ,fix ,,
157 ,STAR2HTML ,v1.1 ,update ,,
158 ,KAPPA ,v0.9-1 ,fix ,,
159 ,CONVERT ,v0.6-1 ,fix ,,
160 ,HTX ,v1.1-5 ,update ,,
160 ,SAE ,v1.0-4 ,maint ,,
160 ,STARX ,v1.1 ,update ,,
160 ,CHR ,v2.2-2 ,fix ,,
161 ,REPACK ,v1.0 ,new ,,
161 ,INIT ,v1.0-1 ,new ,,
162 ,ESP ,v0.7-0 ,update ,,
162 ,INIT ,v1.0-2 ,update ,,
163 ,IRCAMDR ,v1.1 ,new ,,
163 ,INIT ,v1.0-3 ,update ,,
162A,ESP ,v0.7-1 ,fix ,,
164 ,XDISPLAY ,v2.1 ,update ,,
164 ,STAR2HTML ,v1.1-1 ,update ,,
165 ,TSP ,v2.2-1 ,update ,,
165 ,ESP ,v0.7-2 ,fix ,,
165 ,COCO ,v2.2-4 ,update ,,
165 ,INIT ,v1.0-4 ,update ,,
166 ,FIGARO ,v5.1-3 ,update ,,
167 ,RV ,v2.4 ,update ,,
167 ,EXPECT ,v5.18 ,update ,,
168 ,ICL ,v3.1-2 ,update ,,
168 ,PCS ,v3.2 ,update ,,
169 ,KAPPA ,v0.9-2 ,update ,,
170 ,PONGO ,v1.2-0 ,update ,,
171 ,CCDPACK ,v2.0-2 ,update ,,
172 ,SLALIB ,v1.7-1 ,update ,,
172 ,HLP ,v3.3-5 ,update ,,
172 ,OBSERVE ,v2.2-0 ,update ,,
173 ,NDF ,v1.3-6 ,fix ,,
173 ,CNF ,v3.0 ,update ,,
174 ,IUEDR ,v3.2-1 ,fix ,,
174 ,IMG ,v1.1 ,update ,,
175 ,NAG ,Mk 16/4 ,update ,,
176 ,KAPPA ,v0.9-3 ,update ,,
176 ,CONVERT ,v0.6-2 ,fix ,,
177 ,FIGARO ,v5.1-4 ,update ,,
177 ,EMAIL ,v1.3-1 ,update ,,
177 ,INIT ,v1.0-5 ,update ,,
177 ,JCMTDR ,v1.1 ,fix ,,
178 ,ECHWIND ,3.0-0 ,new ,,
178 ,INIT ,1.0-6 ,update ,,
179A,SPECX ,v6.7-1 ,fix ,,
179 ,SPECX ,v6.7 ,update ,,
180 ,CGS4DR ,v1.3-0 ,update ,,
181 ,ICL ,v3.1-3 ,update ,,
181 ,PCS ,v3.2-1 ,update ,,
181 ,MAG ,v2.0 ,update ,,
181 ,MESSGEN ,v1.1-1 ,update ,,
181 ,HTX ,v1.1-6 ,fix ,,
182 ,ECHOMOP ,v3.2-0 ,update ,,
182 ,DOCFIND ,v1.3 ,update ,,
183 ,COCO ,v2.2-5 ,fix ,,
183 ,TPOINT ,v4.4-6 ,update ,,
184 ,PISA ,v2.4-0 ,update ,,
185 ,ARY ,v1.1-6 ,fix ,,
185 ,GENERIC ,v1.1-2 ,maint ,,
185 ,GKS ,v1.3-7 ,maint ,,
185 ,IMG ,v1.2 ,update ,,
185 ,PAR ,v2.1 ,maint ,,
186 ,CHR ,v2.2-4 ,update ,,
186 ,PRIMDAT ,v1.3 ,maint ,,
187 ,PISA ,v2.4-0 ,fix ,relink ,
187 ,PCS ,v3.2-2 ,fix ,,
187 ,ECHOMOP ,v3.2-0 ,fix ,relink ,
188 ,PONGO ,v1.3-0 ,update ,,
189 ,CAT ,v3.1 ,update ,,
189 ,INIT ,v1.0-7 ,update ,,
190 ,KAPPA ,v0.9-3 ,fix ,relink ,
190 ,CCDPACK ,v2.1-0 ,update ,,
191 ,CURSA ,v2.1-0 ,update ,,
191 ,PHOTOM ,v1.5-0 ,update ,,
192 ,ESP ,v0.8 ,update ,,
193 ,GAIA ,v1.0-0 ,new ,,
193 ,INIT ,v1.0-8 ,update ,,
194 ,SX ,v1.0-0 ,new ,,
194 ,INIT ,v1.0-9 ,update ,,
195 ,PDA ,v0.4-0 ,update ,,
195 ,GAIA ,v1.0-0 ,fix ,,
194A,INIT ,v1.0-9 ,fix ,,
196 ,ICL ,v3.1-4 ,fix ,,
196 ,RPS ,v5.5 ,update ,,
197 ,GKS ,v1.3-7 ,fix ,,
197 ,PGPLOT ,v5.0.2-2 ,fix ,,
197 ,PDA ,v0.4-1 ,fix ,,
199 ,PERIOD ,v4.2 ,update ,,
199 ,FLUXES ,v1.0 ,new ,,
199 ,INIT ,v1.0-11 ,update ,,
200 ,FIGARO ,v5.1-6 ,update ,,
201 ,EXPECT ,v5.20 ,update ,,
201 ,JPEG ,v6a ,new ,,
201 ,INIT ,v1.0-14 ,update ,,
201 ,TCL ,v7.6p2 ,update ,,
201 ,TK ,v4.2p2 ,update ,,
201 ,TPOINT ,v4.4-6 ,deleted ,,
201 ,STARTCL ,v1.2 ,update ,,
201A,STARTCL ,v1.2-1 ,fix ,,
201A,CGS4DR ,v1.3-1 ,fix ,,
202 ,LATEX2HTML ,,fix ,,
202 ,PCS ,v3.2-3 ,update ,,
202 ,ICL ,v3.1-5 ,update ,,
202 ,IFD ,v1.1 ,new ,,
202 ,IRAFSTAR ,v1.1 ,new ,,
202 ,IRAFFIG ,v1.0 ,new ,,
202 ,SLALIB ,v2.0-1 ,update ,,
202 ,STARADMIN ,v1.1-1 ,fix ,,
203 ,CAT ,v4.1 ,update ,,
203 ,CURSA ,v3.1 ,update ,,
203 ,IRAFSTAR ,v1.1-1 ,fix ,,
204 ,ECHOMOP ,v3.3-0 ,update ,,
205 ,GHOSTSCRIPT ,v5.02 ,update ,,
205 ,TEX ,,update ,TeX v3.14159, LaTeX2e Dec 1996 ,
206 ,SURF ,v1.0-0 ,new ,,
206 ,INIT ,v1.0-15 ,update ,,
207 ,TSP ,v2.3 ,update ,,
207 ,ECHOMOP ,v3.3-2 ,fix ,,
207 ,DIPSO ,v3.3-2 ,fix ,,
207 ,ASTROM ,v3.5-6 ,maint ,,
207 ,ASURV ,v1.2-1 ,maint ,,
207 ,COCO ,v2.2-7 ,maint ,,
207 ,ECHWIND ,v3.1-1 ,update ,,
207 ,FITSIO ,v4.0-8.1 ,fix ,,
207 ,FLUXES ,v1.0-1 ,fix ,,
207 ,HDSTRACE ,v1.2-2 ,fix ,,
207 ,GAIA ,v1.0-1 ,rebuild ,,
207 ,HDS ,v4.2-2 ,update ,,
207 ,INIT ,v1.1-0 ,update ,,
207 ,IRAFFIG ,v1.1 ,update ,,
207 ,IUEDR ,v3.2-1 ,maint ,,
207 ,NCAR ,v1.3 ,update ,,
207 ,PGPLOT ,v5.1.1-4 ,update ,,
207 ,OBSERVE ,v2.2-1 ,update ,,
207 ,POLMAP ,v1.0-1 ,maint ,,
207 ,RV ,v2.4-1 ,maint ,,
207 ,SAOIMAGE ,v1.13-6 ,fix ,,
207 ,SKYCAL ,v4.1-2 ,maint ,,
207 ,SOFTLINK ,v1.3 ,update ,,
207 ,SPECX ,v6.7-2 ,update ,not Linux ,
207 ,STARX ,v1.2 ,update ,,
207 ,STARTCL ,v1.2-2 ,fix ,,
207 ,TRANSFORM ,v0.9-2 ,fix ,,
207 ,A2PS ,v3.0-3 ,rebuild ,,
207 ,KAPPA ,v0.10-0 ,update ,,
207 ,AGI ,v1.1-1 ,rebuild ,,
211 ,A2PS ,v3.0-3 ,rebuild ,,
207 ,ARD ,v1.0-2 ,rebuild ,,
207 ,ARY ,v1.1-6 ,rebuild ,,
207 ,CAT ,v4.1 ,rebuild ,,
207 ,GHOSTSCRIPT ,v5.03 ,update ,,
207 ,CHR ,v2.2-3 ,rebuild ,,
207 ,CNF ,v3.0 ,rebuild ,,
207 ,CURSA ,v3.1 ,rebuild ,,
207 ,DAOPHOT ,v1.2 ,rebuild ,,
207 ,DOCFIND ,v1.3 ,rebuild ,,
207 ,EMAIL ,v1.3-1 ,rebuild ,,
207 ,EMS ,v1.5 ,rebuild ,,
207 ,MERS ,v1.4-1 ,rebuild ,,
207 ,ESP ,v0.8 ,rebuild ,,
207 ,FIO ,v1.5-1 ,rebuild ,,
207 ,GENERIC ,v1.1-2 ,rebuild ,,
207 ,GKS ,v1.37 ,fix ,,
207 ,GNS ,v1.1-3 ,rebuild ,,
207 ,GRAPHPAR ,v1.1-2 ,rebuild ,,
207 ,GRP ,v2.1-2 ,update ,,
207 ,GWM ,v1.4 ,rebuild ,,
207 ,HLP ,v3.3-6 ,rebuild ,,
207 ,HTX ,v1.1-6 ,rebuild ,,
207 ,ICL ,v3.1-5 ,rebuild ,,
207 ,IDI ,v1.4 ,rebuild ,,
207 ,CONVERT ,v1.0 ,update ,,
207 ,IMG ,v1.2 ,rebuild ,,
207 ,IRAFSTAR ,v1.1-1 ,rebuild ,,
207 ,JPEG ,v6a ,rebuild ,,
207 ,JPL ,v2.0 ,rebuild ,,
207 ,MAG ,v2.0 ,rebuild ,,
207 ,MESSGEN ,v1.1-1 ,rebuild ,,
207 ,NBS ,v2.5-5 ,rebuild ,,
207 ,NEWS ,v2.1 ,rebuild ,,
207 ,PCS ,v3.2-3 ,rebuild ,,
207 ,PDA ,v0.4-1 ,rebuild ,,
207 ,PERIOD ,v4.2 ,rebuild ,,
207 ,PHOTOM ,v1.5-0 ,rebuild ,,
207 ,PISA ,v2.4-0 ,rebuild ,,
207 ,PONGO ,v1.3-0 ,rebuild ,,
207 ,PRIMDAT ,v1.3 ,rebuild ,,
207 ,PSMERGE ,v1.0-2 ,rebuild ,,
207 ,PSX ,v0.1-1 ,rebuild ,,
207 ,REF ,v1.1-2 ,rebuild ,,
207 ,RPS ,v5.5 ,rebuild ,not Linux ,
207 ,SAE ,v1.0-4 ,rebuild ,,
207 ,SGS ,v1.1-1 ,rebuild ,,
207 ,SLALIB ,v2.0-1 ,rebuild ,,
207 ,SNX ,v1.1 ,rebuild ,,
207 ,SPECDRE ,v1.1 ,rebuild ,,
207 ,SPT ,v1.0-4 ,rebuild ,,
207 ,STAR2HTML ,v1.1-1 ,rebuild ,,
207 ,SURF ,v1.0-0 ,rebuild ,,
207 ,SX ,v1.0 ,rebuild ,not Linux ,
207 ,TCLSYS ,v3.0 ,rebuild ,,
207 ,XDISPLAY ,v2.1 ,rebuild ,,
207 ,CCDPACK ,v2.1-0 ,rebuild ,,
207 ,PINE ,v3.96 ,update ,,
210 ,XV ,v3.10a ,new ,,
207 ,FIGARO ,v5.2-0 ,update ,,
207 ,IFD ,v1.1 ,rebuild ,,
211 ,AGI ,v1.1-1 ,maint ,,
211 ,ARD ,v1.0-2 ,rebuild ,,
211 ,ARY ,v1.0-6 ,rebuild ,,
211 ,AST ,v1.0-2 ,new ,,
211 ,ASTROM ,v3.6 ,update ,,
211 ,ASURV ,v1.2-2 ,maint ,,
211 ,CAT ,v4.2 ,fix ,,
211 ,CCDPACK ,v2.2-0 ,update ,,
211 ,CGS4DR ,v1.3-3 ,update ,Not Linux ,
211 ,CHR ,v2.2-3 ,rebuild ,,
211 ,CNF ,v3.0 ,rebuild ,,
211 ,COCO ,v2.2-7 ,rebuild ,,
211 ,CONVERT ,v1.1 ,update ,,
211 ,CURSA ,v4.1 ,update ,,
211 ,DAOPHOT ,v1.2 ,rebuild ,,
211 ,DIPSO ,v3.4 ,update ,,
211 ,DOCFIND ,v1.3 ,rebuild ,,
211 ,ECHOMOP ,v3.3-3 ,fix ,,
211 ,ECHWIND ,v3.1-1 ,rebuild ,,
211 ,EMAIL ,v1.3-1 ,rebuild ,,
211 ,EMS ,v1.5 ,rebuild ,,
211 ,TRANSFORM ,v0.9-2 ,rebuild ,,
211 ,ESP ,v0.8 ,rebuild ,,
211 ,FIGARO ,v5.3-0 ,update ,,
211 ,FIO ,v1.5-1 ,rebuild ,,
211 ,FITSIO ,v5.0-3 ,update ,,
211 ,FLUXES ,v1.0-2 ,fix ,,
211 ,FORMLOAD ,v1.1-3 ,rebuild ,,
211 ,GAIA ,v2.0-0 ,update ,,
211 ,GENERIC ,v1.1-2 ,rebuild ,,
211 ,GKS ,v1.37 ,maint ,,
211 ,GNS ,v1.1-3 ,rebuild ,,
211 ,GRAPHPAR ,v1.1-2 ,fix ,,
211 ,GRP ,v2.1-2 ,rebuild ,,
211 ,GWM ,v1.4 ,maint ,,
211 ,HDS ,v4.2-2 ,update ,,
211 ,HDSTRACE ,v1.2-2 ,maint ,,
211 ,HLP ,v3.3-6 ,rebuild ,,
211 ,HTX ,v1.2-1 ,update ,,
211 ,ICL ,v3.1-5 ,rebuild ,,
211 ,IDI ,v1.4-1 ,fix ,,
211 ,IFD ,v1.2 ,update ,,
211 ,IMG ,v1.2 ,rebuild ,,
211 ,INIT ,v1.1-2 ,update ,,
211 ,IRAFSTAR ,v1.2 ,update ,,
211 ,IRCAMPACK ,v1.1-1 ,rebuild ,,
211 ,IUEDR ,v3.2-2 ,fix ,,
211 ,JPEG ,v6a ,rebuild ,,
211 ,JPL ,v2.0 ,rebuild ,,
211 ,KAPPA ,v0.11-0 ,update ,,
211 ,MAG ,v2.0 ,rebuild ,,
211 ,MESSGEN ,v1.1-2 ,rebuild ,,
211 ,NBS ,v2.2-5 ,rebuild ,,
211 ,NCAR ,v1.3 ,rebuild ,,
211 ,NDF ,v1.4-4 ,update ,,
211 ,NDFPERL ,v1.3 ,new ,,
211 ,NEWS ,v2.1 ,rebuild ,,
211 ,OBSERVE ,v2.2-2 ,rebuild ,,
211 ,PAR ,v2.1-1 ,rebuild ,,
211 ,PCS ,v3.3 ,update ,,
211 ,PDA ,v0.4-1 ,rebuild ,,
211 ,PERIOD ,v4.2 ,rebuild ,,
211 ,PGPLOT ,v5.1.1-4 ,rebuild ,,
211 ,PHOTOM ,v1.5-0 ,rebuild ,,
211 ,PISA ,v2.4-0 ,rebuild ,,
211 ,POLMAP ,v1.0-1 ,rebuild ,,
211 ,PONGO ,v2.0-0 ,update ,,
211 ,GCC ,v2.7.2.3 ,update ,,
211 ,PSMERGE ,v1.0-2 ,rebuild ,,
211 ,PSX ,v0.1-1 ,rebuild ,,
211 ,REF ,v1.1-2 ,rebuild ,,
211 ,RPS ,v5.5 ,rebuild ,Not Linux ,
211 ,RUNTIME ,v1.1 ,update ,,
211 ,RV ,v2.4-1 ,rebuild ,,
211 ,SAE ,v1.0-4 ,rebuild ,,
211 ,SAOIMAGE ,v1.13-6 ,maint ,,
211 ,SGS ,v1.1-1 ,rebuild ,,
211 ,SKYCAL ,v4.1-2 ,rebuild ,,
211 ,MERS ,v1.4-1 ,rebuild ,,
211 ,SNX ,v1.1 ,rebuild ,,
211 ,SOFTLINK ,v1.3 ,rebuild ,,
211 ,SPECX ,v6.7-3 ,fix ,Not Linux ,
211 ,SPT ,v1.0-4 ,rebuild ,,
211 ,STAR2HTML ,v1.2 ,update ,,
211 ,STARX ,v1.2 ,rebuild ,,
211 ,STARTCL ,v1.2-2 ,rebuild ,,
211 ,SURF ,v1.1-1 ,update ,,
211 ,SX ,v1.1 ,update ,Not Linux ,
211 ,TCLSYS ,v3.0 ,rebuild ,,
211 ,PRIMDAT ,v1.3 ,rebuild ,,
211 ,TSP ,v2.3-1 ,rebuild ,,
211 ,TWODSPEC ,v0.9-0 ,new ,,
211 ,XDISPLAY ,v2.1 ,rebuild ,,
211 ,SLALIB ,v2.0-3 ,update ,,
207 ,GCC ,v2.7.2 ,update ,,
207 ,EXPECT ,v5.20 ,rebuild ,,
211 ,EXPECT ,v5.20 ,rebuild ,,
207 ,TCL ,v7.6p2 ,rebuild ,,
211 ,TCL ,v7.6p2 ,rebuild ,,
207 ,TK ,v4.2p2 ,rebuild ,,
211 ,TK ,v4.2p2 ,rebuild ,,
211 ,SPECDRE ,,deleted ,,
211 ,IRAFFIG ,,deleted ,,
212 ,A2PS ,v3.0-3 ,rebuild ,,
212 ,AGI ,v1.1-1 ,rebuild ,,
212 ,ARY ,v1.1-7 ,maint ,,
212 ,AST ,v1.1-12 ,update ,,
212 ,ASTROM ,v3.6 ,rebuild ,,
212 ,ASURV ,v1.1-2 ,rebuild ,,
212 ,CAT ,v5.1 ,update ,,
212 ,CGS4DR ,v1.3-3 ,rebuild ,Not Linux ,
212 ,CCDPACK ,v2.2-1 ,update ,,
212 ,CHR ,v2.2-3 ,rebuild ,,
212 ,CNF ,v3.1 ,update ,,
212 ,COCO ,v2.2-7 ,rebuild ,,
212 ,CONVERT ,v1.1-1 ,update ,,
212 ,CURSA ,v4.1 ,rebuild ,,
212 ,DAOPHOT ,v1.2 ,rebuild ,,
212 ,DIPSO ,v3.4-1 ,fix ,,
212 ,DOCFIND ,v1.3 ,rebuild ,,
212 ,ECHOMOP ,v3.3-3 ,rebuild ,,
212 ,ECHWIND ,v3.1-1 ,rebuild ,,
212 ,EMAIL ,v1.3-1 ,rebuild ,,
212 ,EMS ,v1.5 ,rebuild ,,
212 ,ESP ,v0.9-5 ,update ,,
212 ,EXPECT ,v5.20 ,rebuild ,,
212 ,FIO ,v1.5-1 ,rebuild ,,
212 ,FITSIO ,v5.0-3 ,rebuild ,,
212 ,FLUXES ,v1.0-3 ,fix ,,
212 ,FORMLOAD ,v1.1-3 ,rebuild ,,
212 ,FIGARO ,v5.3-0 ,maint ,,
212 ,GAIA ,v2.1-1 ,update ,,
212 ,GENERIC ,v1.1-2 ,rebuild ,,
212 ,GKS ,v1.37 ,rebuild ,,
212 ,GNS ,v1.1-3 ,rebuild ,,
212 ,GRP ,v2.1-2 ,rebuild ,,
212 ,GWM ,v1.4 ,rebuild ,,
212 ,HDS ,v4.2-2 ,rebuild ,,
212 ,HDSTRACE ,v1.2-2 ,rebuild ,,
212 ,HLP ,v3.3-6 ,rebuild ,,
212 ,HTX ,v1.2-3 ,update ,,
212 ,ICL ,v3.1-6 ,update ,,
212 ,IDI ,v1.4-1 ,rebuild ,,
212 ,IFD ,v1.2 ,rebuild ,,
212 ,IMG ,v1.2 ,rebuild ,,
212 ,INIT ,v1.1-4 ,update ,,
212 ,IRAFSTAR ,v1.2-1 ,update ,,
212 ,IRCAMPACK ,v1.1-1 ,rebuild ,,
212 ,IUEDR ,v3.2-3 ,fix ,,
212 ,JPEG ,v6a ,rebuild ,,
212 ,JPL ,v2.0 ,rebuild ,,
212 ,KAPPA ,v0.12 ,update ,,
212 ,MAG ,v2.0 ,rebuild ,,
212 ,MERS ,v1.4-1 ,rebuild ,,
212 ,MESSGEN ,v1.1-3 ,maint ,,
212 ,NBS ,v2.5-5 ,rebuild ,,
212 ,NCAR ,v1.3 ,rebuild ,,
212 ,NDF ,v1.4-4 ,rebuild ,,
212 ,NDFPERL ,v1.3 ,rebuild ,,
212 ,NEWS ,v2.1 ,rebuild ,,
212 ,OBSERVE ,v2.2-2 ,rebuild ,,
212 ,PAR ,v2.2 ,update ,,
212 ,PCS ,v3.4 ,update ,,
212 ,PDA ,v0.4-1 ,rebuild ,,
212 ,PERIOD ,v4.2 ,rebuild ,,
212 ,PGPLOT ,v5.1.1-4 ,rebuild ,,
212 ,PHOTOM ,v1.6-0 ,update ,,
212 ,PISA ,v2.4-1 ,maint ,,
212 ,POLMAP ,v1.0-1 ,rebuild ,,
212 ,POLPACK ,v1.0 ,new ,,
212 ,PONGO ,v2.0-0 ,rebuild ,,
212 ,PRIMDAT ,v1.3 ,rebuild ,,
212 ,PSMERGE ,v1.0-4 ,maint ,,
212 ,PSX ,v0.1-2 ,maint ,,
212 ,REF ,v1.1-3 ,maint ,,
212 ,RPS ,v5.6 ,update ,Not Linux ,
212 ,RUNTIME ,v1.1 ,update ,,
212 ,RV ,v2.4-1 ,rebuild ,,
212 ,SAE ,v1.0-4 ,rebuild ,,
212 ,SGS ,v1.1-1 ,rebuild ,,
212 ,SKYCAL ,v4.1-2 ,rebuild ,,
212 ,SLALIB ,v2.1-0 ,update ,,
212 ,SNX ,v1.1 ,rebuild ,,
212 ,SPECX ,v6.7-4 ,fix ,Not Linux ,
212 ,STARTCL ,v1.2-2 ,rebuild ,,
212 ,STARX ,v1.2 ,rebuild ,,
212 ,SURF ,v1.2-3 ,update ,,
212 ,SX ,v1.1 ,rebuild ,Not Linux ,
212 ,STAR2HTML ,v1.2-1 ,update ,,
212 ,TCLSYS ,v3.0 ,rebuild ,,
212 ,TCL ,v7.6p2 ,rebuild ,,
212 ,TK ,v4.2p2 ,rebuild ,,
212 ,TRANSFORM ,v0.9-3 ,maint ,,
212 ,TSP ,v2.3-1 ,rebuild ,,
212 ,TWODSPEC ,v0.9-0 ,rebuild ,,
212 ,XDISPLAY ,v2.1-1 ,fix ,,
212 ,GRAPHPAR ,v1.1-2 ,rebuild ,,
212 ,SOFTLINK ,v1.3 ,rebuild ,,
212 ,SPT ,v1.0-5 ,maint ,,
212 ,EMACS ,v20.2 ,update ,,
212 ,GV ,v3.5.8 ,new ,,
212 ,ISPELL ,v3.1-20 ,update ,,
212 ,TCSH ,v6.07.02 ,new ,,
212 ,XEMACS ,v20.3 ,new ,,
212 ,XFIG ,v3.2 ,new ,,
213 ,A2PS ,v3.0-4 ,update ,,
213 ,AGI ,v1.1-3 ,maint ,,
213 ,ARD ,v1.0-2 ,rebuild ,,
213 ,ARY ,v1.1-7 ,maint ,,
213 ,AST ,v1.2-7 ,update ,,
213 ,ASTERIX ,v2.2-0 ,update ,,
213 ,ASTROM ,v3.6-2 ,maint ,,
213 ,ASURV ,v1.2-2 ,rebuild ,,
213 ,CAT ,v6.1 ,update ,,
213 ,CCDPACK ,v2.3-0 ,update ,,
213 ,CGS4DR ,v1.3-3 ,rebuild ,Not Linux - rebuild on Alpha only ,
213 ,CHR ,v2.2-3 ,rebuild ,,
213 ,CNF ,v3.2 ,update ,,
213 ,COCO ,v2.2-7 ,rebuild ,,
213 ,CONVERT ,v1.1-3 ,update ,,
213 ,CURSA ,v5.1-3 ,update ,,
213 ,DAOPHOT ,v1.2 ,rebuild ,,
213 ,DIPSO ,v3.5-1 ,update ,,
213 ,DOCFIND ,v1.3 ,rebuild ,,
213 ,DOCS ,v1999.1 ,new ,,
213 ,ECHOMOP ,v3.3-4 ,rebuild ,,
213 ,ECHWIND ,v3.1-2 ,maint ,,
213 ,EMAIL ,v1.3-1 ,rebuild ,,
213 ,EMS ,v1.5 ,rebuild ,,
213 ,MERS ,v1.5 ,update ,,
213 ,ESP ,v0.9-5 ,rebuild ,,
213 ,EXTRACTOR ,v1.0 ,new ,,
213 ,FIGARO ,v5.4-0 ,update ,,
213 ,FIO ,v1.5-1 ,rebuild ,,
213 ,FITSIO ,v5.0-3 ,rebuild ,,
213 ,FLUXES ,v1.1-1 ,update ,,
213 ,FORMLOAD ,v1.1-3 ,rebuild ,,
213 ,GAIA ,v2.2-0 ,update ,,
213 ,GENERIC ,v1.1-2 ,rebuild ,,
213 ,GKS ,v1.37 ,rebuild ,,
213 ,GNS ,v1.1-3 ,rebuild ,,
213 ,GRAPHPAR ,v1.1-4 ,maint ,,
213 ,GRP ,v2.1-2 ,rebuild ,,
213 ,GWM ,v1.4 ,rebuild ,,
213 ,HDS ,v4.2-3 ,update ,,
213 ,HDSTRACE ,v1.2-2 ,rebuild ,,
213 ,HLP ,v3.3-6 ,rebuild ,,
213 ,HTX ,v1.2-3 ,rebuild ,,
213 ,ICL ,v3.1-7 ,update ,,
213 ,IDI ,v1.4-1 ,rebuild ,,
213 ,IFD ,v1.2 ,rebuild ,,
213 ,IMG ,v1.2 ,rebuild ,,
213 ,INFO ,v1999.1 ,new ,,
213 ,INIT ,v1.1-7 ,update ,,
213 ,IRAFSTAR ,v1.2-1 ,rebuild ,,
213 ,IRCAMPACK ,v1.1-1 ,rebuild ,,
213 ,IUEDR ,v3.2-3 ,rebuild ,,
213 ,JPEG ,v6a ,rebuild ,,
213 ,JPL ,v2.0 ,rebuild ,,
213 ,KAPPA ,v0.13-5 ,update ,,
213 ,MAG ,v2.0 ,rebuild ,,
213 ,MESSGEN ,v1.1-3 ,rebuild ,,
213 ,NBS ,v2.5-6 ,maint ,,
213 ,NCAR ,v1.3 ,rebuild ,,
213 ,NDF ,v1.5-1 ,update ,,
213 ,NEWS ,v2.1-1 ,update ,,
213 ,OBSERVE ,v2.2-2 ,rebuild ,,
213 ,PAR ,v2.2-1 ,rebuild ,,
213 ,PCS ,3.4-1 ,update ,,
213 ,PDA ,v0.4-1 ,rebuild ,,
213 ,PERIOD ,v4.2-1 ,maint ,,
213 ,PERL ,v5.004 ,maint ,,
213 ,PERLMODS ,v1.0-1 ,new ,,
213 ,PGP ,v5.1.1-6 ,maint ,,
213 ,PGPLOT ,v5.2.0-2 ,update ,,
213 ,PHOTOM ,v1.7-0 ,update ,,
213 ,PISA ,v2.4-1 ,rebuild ,,
213 ,POLMAP ,v1.0-2 ,maint ,,
213 ,POLPACK ,v1.1 ,update ,,
213 ,PONGO ,v2.0-0 ,rebuild ,,
213 ,PRIMDAT ,v1.3 ,rebuild ,,
213 ,PSMERGE ,v1.0-4 ,rebuild ,,
213 ,PSX ,v0.1-2 ,rebuild ,,
213 ,REF ,v1.1-3 ,rebuild ,,
213 ,RUNTIME ,v1.1 ,rebuild ,,
213 ,RV ,v2.4-1 ,rebuild ,,
213 ,SAE ,v1.0-4 ,rebuild ,,
213 ,SAOIMAGE ,v1.13-6 ,rebuild ,,
213 ,SGS ,v1.1-1 ,rebuild ,,
213 ,SKYCAL ,v4.1-2 ,rebuild ,,
214 ,SLALIB ,v2.4-0 ,update ,,
213 ,SNX ,v1.1 ,rebuild ,,
213 ,SOFTLINK ,v1.3 ,rebuild ,,
213 ,SPECX ,v6.7-5 ,maint ,Not Linux ,
213 ,SPT ,v1.0-5 ,rebuild ,,
213 ,STAR2HTML ,v1.3-3 ,update ,,
213 ,STARX ,v1.2 ,rebuild ,,
213 ,STARTCL ,v1.2-3 ,rebuild ,,
213 ,SURF ,v1.3beta ,update ,,
213 ,SX ,v1.1 ,rebuild ,Not Linux ,
213 ,TCLSYS ,v3.0 ,rebuild ,,
213 ,TRANSFORM ,v0.9-3 ,rebuild ,,
213 ,TSP ,v2.3-1 ,rebuild ,,
213 ,TWODSPEC ,v0.9-0 ,rebuild ,,
214 ,A2PS ,v3.0-4 ,rebuild ,,
213 ,MOSAIC ,,deleted ,,
213 ,XEMACS ,v20.3-4 ,maint ,Linux only ,
213 ,ISPELL ,v3.2-20 ,rebuild ,Solaris only ,
213 ,EMACS ,v20.3 ,update ,,
213 ,TCL ,v7.6p2 ,rebuild ,,
213 ,TK ,v4.2p2 ,rebuild ,,
213 ,EXPECT ,v5.20 ,rebuild ,,
213 ,RPS ,v5.6 ,deleted ,,
213 ,JED ,v0.98 ,update ,,
213 ,XDISPLAY ,v2.1-1 ,rebuild ,,
214 ,AGI ,v1.1-3 ,rebuild ,,
214 ,ARD ,v1.0-2 ,rebuild ,,
214 ,ARY ,v1.1-8 ,update ,,
214 ,AST ,v1.3-6 ,update ,,
214 ,ASTERIX ,v2.2-2 ,fix ,,
214 ,ASTROM ,v3.6-2 ,rebuild ,,
214 ,ASURV ,v1.2-2 ,rebuild ,,
214 ,CAT ,v6.1 ,rebuild ,,
214 ,CCDPACK ,v2.4 ,update ,,
214 ,CFITSIO ,v2.0.32 ,new ,,
214 ,CGS4DR ,v1.3-3 ,rebuild ,alpha only ,
214 ,CHR ,v2.2-3 ,rebuild ,,
214 ,CNF ,v3.3 ,update ,,
214 ,COCO ,v2.2-7 ,rebuild ,,
214 ,CONVERT ,v1.2 ,update ,,
214 ,CURSA ,v5.1-4 ,maint ,,
214 ,DAOPHOT ,v1.2 ,rebuild ,,
214 ,DIPSO ,v3.5-1 ,rebuild ,,
214 ,DOCFIND ,v1.3 ,rebuild ,,
214 ,DOCS ,v1999.2 ,update ,,
214 ,ECHOMOP ,v3.3-5 ,maint ,,
214 ,ECHWIND ,v3.1-5 ,fix ,,
214 ,EMAIL ,v1.3-2 ,update ,,
214 ,EMS ,v1.6-1 ,update ,,
214 ,MERS ,v1.5 ,rebuild ,,
214 ,ESP ,v0.9-5 ,rebuild ,,
214 ,EXTRACTOR ,v1.1-1 ,update ,,
214 ,FIGARO ,v5.5-0 ,update ,,
214 ,FIO ,v1.5-1 ,rebuild ,,
214 ,FITSIO ,v5.0-3 ,rebuild ,,
214 ,FLUXES ,v1.1-1 ,rebuild ,,
214 ,GAIA ,v2.3-1 ,update ,,
214 ,GENERIC ,v1.1-2 ,rebuild ,,
214 ,GKS ,v1.37 ,update ,,
214 ,GNS ,v1.1-3 ,rebuild ,,
214 ,GRAPHPAR ,v1.1-4 ,rebuild ,,
214 ,GRP ,v2.1-2 ,rebuild ,,
214 ,GWM ,v1.5-0 ,update ,,
214 ,HDS ,v4.3-3 ,update ,,
214 ,HDSTRACE ,v1.2-2 ,rebuild ,,
214 ,HLP ,v3.3-6 ,rebuild ,,
214 ,HTX ,v1.2-3 ,rebuild ,,
214 ,ICL ,v3.1-8 ,maint ,,
214 ,IDI ,v1.4-2 ,update ,,
214 ,IFD ,v1.2 ,rebuild ,,
214 ,IMG ,v1.2-1 ,update ,,
214 ,INFO ,v1999.2 ,update ,,
214 ,INIT ,v1.1-8 ,update ,,
214 ,IRAFSTAR ,v1.2-1 ,rebuild ,,
214 ,IRCAMPACK ,v1.1-1 ,rebuild ,,
214 ,IUEDR ,v3.2-4 ,maint ,,
214 ,JPEG ,v6a ,rebuild ,,
214 ,JPL ,v2.0 ,rebuild ,,
214 ,KAPPA ,v0.13-7 ,update ,,
214 ,MAG ,v2.0 ,rebuild ,,
214 ,MESSGEN ,v1.1-3 ,rebuild ,,
214 ,NBS ,v2.5-8 ,maint ,,
214 ,NCAR ,v1.3-1 ,maint ,,
214 ,NDF ,v1.5-4 ,update ,,
214 ,NEWS ,v2.1-1 ,rebuild ,,
214 ,OBSERVE ,v2.2-2 ,rebuild ,,
214 ,PAR ,v2.2-1 ,rebuild ,,
214 ,PCS ,v3.5-2 ,update ,,
214 ,PDA ,v0.4-1 ,rebuild ,,
214 ,PERIOD ,v4.2-1 ,rebuild ,,
214 ,PERL ,v5.005 ,update ,,
214 ,PERLMODS ,v1.1-0 ,update ,,
214 ,PGP ,v5.1.1-8 ,fix ,,
214 ,PGPLOT ,v5.2.0-3 ,fix ,,
214 ,PHOTOM ,v1.8-3 ,update ,,
214 ,PISA ,v2.4-2 ,fix ,,
214 ,POLMAP ,v1.0-2 ,rebuild ,,
214 ,POLPACK ,v2.0-8 ,update ,,
214 ,PONGO ,v2.0-0 ,rebuild ,,
215 ,PRIMDAT ,v1.3 ,rebuild ,,
214 ,PSMERGE ,v1.0-4 ,rebuild ,,
214 ,PSX ,v0.1-4 ,fix ,,
214 ,REF ,v1.1-3 ,rebuild ,,
214 ,RUNTIME ,v1.1 ,rebuild ,,
214 ,RV ,v2.4-1 ,rebuild ,,
214 ,SAE ,v1.0-4 ,rebuild ,,
214 ,SAOIMAGE ,v1.13-7 ,maint ,,
214 ,SGS ,v1.1-1 ,rebuild ,,
214 ,SKYCAL ,v4.1-2 ,rebuild ,,
215 ,SLALIB ,v2.4-4 ,update ,,
214 ,SNX ,v1.1 ,rebuild ,,
214 ,SOFTLINK ,v1.3 ,rebuild ,,
214 ,SPECX ,v6.7-5 ,rebuild ,not Linux ,
214 ,SPT ,v1.0-5 ,rebuild ,,
214 ,STAR2HTML ,v1.3-3 ,rebuild ,,
214 ,STARX ,v1.2 ,rebuild ,,
214 ,STARPERL ,v1.0-0 ,new ,,
214 ,STARTCL ,v1.3-0 ,fix ,,
214 ,SURF ,v1.4-3 ,update ,,
214 ,SX ,v1.1 ,rebuild ,not Linux ,
214 ,TCLSYS ,v3.0-1 ,maint ,,
215 ,TRANSFORM ,v0.9-4 ,rebuild ,,
214 ,TSP ,v2.3-1 ,rebuild ,,
214 ,XDISPLAY ,v2.1-2 ,rebuild ,,
214 ,FORMLOAD ,,delete ,,
214 ,TWODSPEC ,,merged ,now in FIGARO ,
215 ,HTX ,v1.2-3 ,rebuild ,,
215 ,SAE ,v1.0-4 ,rebuild ,,
215 ,STARX ,v1.2 ,rebuild ,,
215 ,HLP ,v3.3-6 ,rebuild ,,
215 ,CNF ,v4.0-2 ,update ,,
216 ,SLALIB ,v2.4-8 ,update ,,
215 ,CHR ,v2.2-3 ,rebuild ,,
215 ,EMS ,v1.7-0 ,update ,,
215 ,PSX ,v0.1-4 ,rebuild ,,
215 ,NBS ,v2.5-8 ,rebuild ,,
215 ,GWM ,v1.5-0 ,rebuild ,,
215 ,GKS ,v1.37 ,fix ,,
215 ,GNS ,v1.1-3 ,rebuild ,,
215 ,SGS ,v1.1-1 ,rebuild ,,
215 ,NCAR ,v1.3-1 ,rebuild ,,
215 ,SNX ,v1.1 ,rebuild ,,
215 ,HDS ,v4.3-3 ,rebuild ,,
216 ,PRIMDAT ,v1.3 ,rebuild ,,
215 ,PCS ,v3.5-2 ,rebuild ,,
215 ,MERS ,v1.6-1 ,update ,,
215 ,PAR ,v2.3 ,update ,,
215 ,PGP ,v5.1.1-8 ,rebuild ,,
215 ,PGPLOT ,v5.2.0-5 ,update ,,
215 ,ARY ,v1.1-8 ,rebuild ,,
215 ,AST ,v1.4-10 ,update ,,
215 ,NDF ,v1.5-5 ,update ,,
215 ,GENERIC ,v1.1-2 ,rebuild ,,
215 ,IMG ,v1.2-1 ,rebuild ,,
215 ,GRAPHPAR ,v1.1-4 ,rebuild ,,
215 ,IDI ,v1.4-3 ,fix ,,
215 ,FIO ,v1.5-1 ,rebuild ,,
215 ,MAG ,v2.0 ,rebuild ,,
216 ,TRANSFORM ,v0.9-4 ,rebuild ,,
215 ,REF ,v1.1-3 ,rebuild ,,
215 ,AGI ,v2.0-0 ,update ,,
215 ,GRP ,v3.0 ,update ,,
215 ,ARD ,v1.0-2 ,rebuild ,,
215 ,FITSIO ,v5.0-3 ,rebuild ,,
215 ,CFITSIO ,v2.0.32 ,rebuild ,,
215 ,CAT ,v7.1-1 ,update ,,
215 ,PDA ,v0.4-1 ,rebuild ,,
215 ,JPL ,v2.0 ,rebuild ,,
215 ,TCLSYS ,v3.0-1 ,rebuild ,,
215 ,JPEG ,v6a ,rebuild ,,
215 ,STARTCL ,v1.3-4 ,fix ,,
215 ,PERL ,v5.005_03 ,rebuild ,,
215 ,PERLMODS ,v1.2-0 ,update ,,
215 ,STARPERL ,v1.1-1 ,update ,,
215 ,INIT ,v1.1-10 ,update ,,
215 ,A2PS ,v3.0-4 ,rebuild ,,
215 ,DOCFIND ,v1.3 ,rebuild ,,
215 ,EMAIl ,v1.4 ,update ,,
215 ,IFD ,v1.2-2 ,update ,,
215 ,MESSGEN ,v1.1-3 ,rebuild ,,
215 ,NEWS ,v2.1-1 ,rebuild ,,
215 ,PSMERGE ,v1.0-4 ,rebuild ,,
215 ,SOFTLINK ,v1.3 ,rebuild ,,
215 ,SPT ,v1.0-5 ,rebuild ,,
215 ,STAR2HTML ,v1.4-2 ,update ,,
215 ,XDISPLAY ,v2.2 ,update ,,
215 ,RUNTIME ,v1.1 ,rebuild ,,
215 ,INFO ,v2000.1 ,update ,,
215 ,DOCS ,v2000.1-1 ,update ,,
215 ,ASTROM ,v3.6-2 ,rebuild ,,
215 ,ASURV ,v1.2-2 ,rebuild ,,
215 ,COCO ,v2.2-7 ,rebuild ,,
215 ,FLUXES ,v1.1-1 ,rebuild ,,
215 ,HDSTRACE ,v1.2-2 ,rebuild ,,
215 ,ICL ,v3.1-8 ,rebuild ,,
215 ,IRAFSTAR ,v1.2-1 ,rebuild ,,
215 ,OBSERVE ,v2.2-2 ,rebuild ,,
215 ,ORAC-DR ,v1.0-0 ,new ,,
215 ,PERIOD ,v4.2-1 ,rebuild ,,
215 ,POLMAP ,v1.0-2 ,rebuild ,,
215 ,RV ,v2.4-2 ,maint ,,
215 ,SKYCAL ,v4.1-2 ,rebuild ,,
215 ,KAPPA ,v0.14-5 ,update ,,
215 ,FIGARO ,v5.5-1 ,fix ,,
215 ,CONVERT ,v1.2-4 ,update ,,
215 ,CCDPACK ,v3.0-1 ,update ,,
215 ,CGS4DR ,v1.3-4 ,fix ,,
215 ,CURSA ,v6.1 ,update ,,
215 ,DAOPHOT ,v1.2 ,rebuild ,,
215 ,DIPSO ,v3.5-2 ,fix ,,
215 ,ECHOMOP ,v3.3-5 ,rebuild ,,
215 ,ECHWIND ,v3.1-3 ,rebuild ,,
215 ,ESP ,v0.10-7 ,update ,,
215 ,EXTRACTOR ,v1.1-3 ,fix ,,
215 ,GAIA ,v2.4-1 ,update ,,
215 ,IRCAMPACK ,v1.1-1 ,rebuild ,,
215 ,IUEDR ,v3.2-4 ,rebuild ,,
215 ,PHOTOM ,v1.8-3 ,rebuild ,,
215 ,PISA ,v2.4-2 ,rebuild ,,
215 ,POLPACK ,v2.0-15 ,update ,,
215 ,PONGO ,v2.0-0 ,rebuild ,,
215 ,SPECX ,v6.7-6 ,update ,,
215 ,SURF ,v1.5-1 ,update ,,
215 ,SX ,v1.1 ,rebuild ,,
215 ,TSP ,v2.3-2 ,fix ,,
215 ,ASTERIX ,v2.2-2 ,delete ,,
215 ,CLUSTAN ,v4 ,delete ,,
215 ,WFCPACK ,v6.1 ,delete ,,
215 ,REPACK ,v1.0 ,delete ,,
216 ,A2PS ,v3.04 ,rebuild ,,
216 ,AGI ,v2.0-2 ,update ,,
216 ,ARD ,v2.0-4 ,update ,,
216 ,ARY ,v1.1-8 ,rebuild ,,
216 ,ASTROM ,v3.6-2 ,rebuild ,,
216 ,AST ,v1.8-4 ,update ,,
216 ,ASURV ,v1.2-2 ,rebuild ,,
216 ,ATOOLS ,v1.3 ,new ,,
216 ,CAT ,v8.1 ,update ,,
216 ,CHR ,v2.2-5 ,fix ,,
216 ,CCDPACK ,v4.0-10 ,update ,,
216 ,CFITSIO ,v2.2-04 ,update ,,
216 ,CNF ,v4.0-2 ,update ,,
216 ,COCO ,v2.2-7 ,rebuild ,,
216 ,CONVERT ,v1.4-1 ,update ,,
216 ,CURSA ,v6.4-1 ,update ,,
216 ,DAOPHOT ,v1.3-2 ,update ,,
216 ,DATACUBE ,v1.0-3 ,new ,,
216 ,DIPSO ,v3.5-4 ,fix ,,
216 ,DOCFIND ,v1.3 ,rebuild ,,
216 ,DOCS ,v2002.1 ,update ,,
216 ,ECHOMOP ,v3.3-5 ,rebuild ,,
216 ,ECHWIND ,v3.1-3 ,rebuild ,,
216 ,EMAIL ,v1.4 ,update ,,
216 ,EMS ,v2.0-5 ,update ,,
216 ,ESP ,v0.10-8 ,update ,,
216 ,EXTRACTOR ,v1.3-0 ,update ,,
216 ,FIGARO ,v5.6-0 ,update ,,
216 ,FINDCOORDS ,v1.0 ,new ,,
216 ,FIO ,v1.5-2 ,fix ,,
216 ,FITSIO ,v5.0-3 ,rebuild ,,
216 ,FLUXES ,v1.1-2 ,update ,,
216 ,GAIA ,v2.6-6 ,update ,,
216G,GENERIC ,v1.1-2 ,rebuild ,,
216 ,GKS ,v1.37 ,fix ,,
216 ,GNS ,v1.1-3 ,rebuild ,,
216 ,GRAPHPAR ,v1.1-4 ,rebuild ,,
216 ,GRP ,v3.1 ,update ,,
216 ,GSD ,v1.0 ,new ,,
216 ,GWM ,1.5-0 ,rebuild ,,
216 ,HDSTRACE ,v1.2-2 ,rebuild ,,
216 ,HDS ,v4.3-4 ,update ,,
216 ,HLP ,V3.3-6 ,rebuild ,,
216 ,HTX ,v1.2-4 ,update ,,
216 ,ICL ,v3.1-9 ,update ,,
216 ,IDI ,v1.4-4 ,update ,,
216 ,IFD ,v1.2-6 ,update ,,
216 ,IMG ,v1.2-2 ,update ,,
216 ,INIT ,v1.1-17 ,update ,,
216 ,IRAFSTAR ,v1.2-2 ,update ,,
216 ,IRCAMPACK ,v1.1-2 ,rebuild ,,
216 ,IUEDR ,v3.2-5 ,fix ,,
216 ,JNIAST ,v1.0 ,new ,,
216 ,JPEG ,v6a ,rebuild ,,
216 ,JPL ,v2.0-1 ,update ,,
216 ,JRE ,v1.3.1_02 ,new ,,
216 ,KAPLIBS ,v1.0-3 ,new ,,
216 ,KAPPA ,v0.18-6 ,update ,,
216 ,KAPRH ,v1.0 ,new ,,
216 ,MAG ,v2.0-1 ,update ,,
216 ,MERS ,v1.7-1 ,update ,,
216 ,MESSGEN ,v1.1-3 ,rebuild ,,
216 ,NAOS ,v1.1 ,new ,,
216 ,PGPLOT ,v5.2.0-9 ,update ,,
216 ,NBS ,v2.5-8 ,rebuild ,,
216 ,NCAR ,v1.3-1 ,rebuild ,,
216 ,NDF ,v1.5-8 ,update ,,
216 ,NDG ,v5.1 ,new ,,
216 ,NEWS ,v2.1-1 ,rebuild ,,
216 ,OBSERVE ,v2.3 ,update ,,
216 ,ONE ,v1.0 ,new ,,
216 ,ORAC-DR ,v3.0-3 ,update ,,
216 ,PAR ,v2.3 ,update ,,
216 ,PCS ,v4.0 ,update ,,
216 ,PDA ,v0.4-1 ,rebuild ,,
216 ,PERIOD ,v4.2-1 ,rebuild ,,
216 ,PERLMODS ,v1.4-0 ,update ,,
216 ,PERL ,v5.6.1 ,update ,,
216 ,PHOTOM ,v1.8-7 ,update ,,
216 ,PISA ,v2.4-3 ,maint ,,
216 ,POLMAP ,v1.0-2 ,rebuild ,,
216 ,POLPACK ,v3.0-5 ,update ,,
216 ,PONGO ,v2.0-0 ,rebuild ,,
216 ,CGS4DR ,v1.3-3 ,rebuild ,,
216 ,PSMERGE ,v1.0-5 ,fix ,,
216 ,PSX ,v0.2 ,update ,,
216 ,REF ,v1.1-3 ,rebuild ,,
216 ,RUNTIME ,v1.1 ,rebuild ,,
216 ,RV ,v2.4-3 ,update ,,
216 ,SAE ,v1.0-4 ,rebuild ,,
216 ,SGS ,v1.1-1 ,rebuild ,,
216 ,SKYCAL ,v4.1-3 ,fix ,,
214 ,TRANSFORM ,v0.9-4 ,update ,,
216 ,SNX ,v1.1-1 ,fix ,,
216 ,SOFTLINK ,v1.3 ,rebuild ,,
216 ,SPECX ,v6.7-10 ,update ,,
216 ,SPLAT ,v1.0-1 ,new ,,
216 ,SPT ,v1.0-5 ,rebuild ,,
216 ,STAR2HTML ,v1.4-4 ,update ,,
216 ,PGP ,v5.1.1-8 ,rebuild ,,
216 ,STARPERL ,v1.2-1 ,update ,,
216 ,STARTCL ,v1.5-5 ,update ,,
216 ,STARX ,v1.2 ,rebuild ,,
216 ,SURF ,v1.6-8 ,update ,,
216 ,SX ,v1.1 ,rebuild ,,
216 ,TCLSYS ,v3.3-5 ,update ,,
214 ,PRIMDAT ,v1.3 ,rebuild ,,
216 ,TREEVIEW ,v1.1-0 ,new ,,
216 ,TSP ,v2.3-2 ,update ,,
216 ,XDISPLAY ,v2.2 ,update ,,
216 ,XRT ,v1.0 ,new ,,
216 ,INFO ,v2002.1 ,update ,,
216 ,SAOIMAGE ,v1.13-7 ,rebuild ,,
213 ,SLALIB ,v2.2-0 ,update ,,
217,PRIMDAT ,v1.3 ,rebuild ,,
217,TRANSFORM ,v0.9-4 ,rebuild ,,
217,A2PS ,v3.04 ,rebuild ,,
217,ARY ,v1.1-8 ,rebuild ,,
217,ASTROM ,v3.6-2 ,rebuild ,,
217,ASURV ,v1.2-2 ,rebuild ,,
217,COCO ,v2.2-7 ,rebuild ,,
217,DOCFIND ,v1.3 ,rebuild ,,
217,ECHOMOP ,v3.3-5 ,rebuild ,,
217,ECHWIND ,v3.1-3 ,rebuild ,,
217,FITSIO ,v5.0-3 ,rebuild ,,
217,GNS ,v1.1-3 ,rebuild ,,
217,GRAPHPAR ,v1.1-4 ,rebuild ,,
217,GWM ,1.5-0 ,rebuild ,,
217,HDSTRACE ,v1.2-2 ,rebuild ,,
217,HLP ,V3.3-6 ,rebuild ,,
217,IRCAMPACK ,v1.1-2 ,rebuild ,,
217,JPEG ,v6a ,rebuild ,,
217,MESSGEN ,v1.1-3 ,rebuild ,,
217,NBS ,v2.5-8 ,rebuild ,,
217,NCAR ,v1.3-1 ,rebuild ,,
217,NEWS ,v2.1-1 ,rebuild ,,
217,PDA ,v0.4-1 ,rebuild ,,
217,POLMAP ,v1.0-2 ,rebuild ,,
217,PONGO ,v2.0-0 ,rebuild ,,
217,REF ,v1.1-3 ,rebuild ,,
217,RUNTIME ,v1.1 ,rebuild ,,
217,SAE ,v1.0-4 ,rebuild ,,
217,SGS ,v1.1-1 ,rebuild ,,
217,SOFTLINK ,v1.3 ,rebuild ,,
217,SPT ,v1.0-5 ,rebuild ,,
217,PGP ,v5.1.1-8 ,rebuild ,,
217,STARX ,v1.2 ,rebuild ,,
217,SX ,v1.1 ,rebuild ,,
217,INFO ,v2002.1 ,update ,,
217,SAOIMAGE ,v1.13-7 ,rebuild ,,
217,AGI ,v2.1-0,update ,,
217,ARD ,v2.0-4 ,rebuild,,
217,ATOOLS ,v1.4a,update,,
217,CCDPACK ,v4.0-14,fix,,
217,CAT ,v8.1 ,rebuild,,
217,CFITSIO ,v2.2-04 ,rebuild,,
217,CHR ,v2.2-5 ,rebuild,,
217,CNF ,v4.0-2 ,rebuild,,
217,CONVERT ,v1.4-3,fix,,
217,CURSA ,v6.4-1 ,rebuild,,
217,DAOPHOT ,v1.3-2 ,rebuild,,
217,DOCS ,v2002.2,update ,,
217,EMAIL ,v1.4 ,rebuild,,
217,EMS ,v2.0-5 ,rebuild,,
217,ESP ,v0.10-8 ,rebuild,,
217,EXTRACTOR ,v1.4-0,update ,,
217,FIGARO ,v5.6-1,update ,,
217,FINDCOORDS ,v1.0 ,rebuild,,
217,FIO ,v1.5-3,fix,,
217,FLUXES ,v1.1-3,fix,,
217,GAIA ,v2.6-9,update,,
217,GKS ,v1.37 ,rebuild,,
217,GRP ,v3.1 ,rebuild,,
217,GSD ,v1.0 ,rebuild,,
217,HDS ,v4.3-4 ,rebuild,,
217,HTX ,v1.2-4 ,rebuild,,
217,ICL ,v3.1-9 ,rebuild,,
217,IDI ,v1.4-4 ,rebuild,,
217,IFD ,v1.2-7,fix,,
217,IMG ,v1.2-2 ,rebuild,,
217,IRAFSTAR ,v1.2-2 ,rebuild,,
217,IUEDR ,v3.2-5 ,rebuild,,
217,JNIAST ,v1.2-3,update,,
217,JPL ,v2.0-1 ,rebuild,,
217,JRE ,v1.4.0_03,update,,
217,KAPLIBS ,v2.1,update,,
217,KAPPA ,v1.0-8,update ,,
217,KAPRH ,v2.0,update,,
217,MAG ,v2.0-1 ,rebuild,,
217,MERS ,v1.7-1 ,rebuild,,
217,NAOS ,v1.2,update,,
217,NDF ,v1.5-8 ,rebuild,,
217,NDG ,v5.2,update,,
217,OBSERVE ,v2.3 ,rebuild,,
217,ONE ,v1.0 ,rebuild,,
217,ORAC-DR ,v3.1-4a,update ,,
217,PAR ,v2.3 ,rebuild,,
217,PCS ,v4.0-1,fix,,
217,PERIOD ,v5.0-1,update,,
217,PERL ,v5.6.1 ,rebuild,,
217,PERLMODS ,v1.4-2,update ,,
217,PGPLOT ,v5.2.0-10,fix,,
217,PHOTOM ,v1.9-0,update,,
217,PISA ,v2.4-3 ,rebuild,,
217,POLPACK ,v3.0-7,fix,,
217,PSMERGE ,v1.0-5 ,rebuild,,
217,PSX ,v0.3,update ,,
217,RV ,v2.4-4,maint,,
217,SKYCAL ,v4.1-3 ,rebuild,,
217,SNX ,v1.1-1 ,rebuild,,
217,SPECX ,v6.7-12,fix,,
217,SPLAT ,v1.0-2,fix,,
217,STAR2HTML ,v1.4-5,update ,,
217,STARPERL ,v1.3,update ,,
217,STARTCL ,v1.5-5 ,rebuild,,
217,SURF ,v1.6-10,update ,,
217,TCLSYS ,v3.3-6,fix,,
217,TSP ,v2.3-2 ,rebuild,,
217,XDISPLAY ,v2.2 ,rebuild,,
217,XRT ,v1.0 ,rebuild,,
217,GENERIC,v1.1-2,rebuild,,
217,HDSTOOLS,v1.0,new,,
217,JNIHDS,v0.2-4,new,,
217,TREEVIEW ,v1.4-1,update,,
217,CGS4DR ,v1.3-4,fix,,
217,DATACUBE ,v1.0-4,maint,,
217,SLALIB ,v2.4-9,update,,
217,AST ,v1.8-12,fix,,
217,INIT ,v1.1-21,update ,,
217,DIPSO ,v3.5-5,maint,,
218,AUTOASTROM,v0.5-7,new,,
218,JCMTDR,v1.2-2,new,,
218,XRT ,v1.0 ,rebuild,,
218,XDISPLAY ,v2.2 ,rebuild,,
218,TSP ,v2.3-2 ,rebuild,,
218,TRANSFORM ,v0.9-4 ,rebuild ,,
218,SX ,v1.1 ,rebuild ,,
218,STARX ,v1.2 ,rebuild ,,
218,STARTCL ,v1.5-5 ,rebuild,,
218,SPT ,v1.0-5 ,rebuild ,,
218,SOFTLINK ,v1.3 ,rebuild ,,
218,SNX ,v1.1-1 ,rebuild,,
218,SKYCAL ,v4.1-3 ,rebuild,,
218,SGS ,v1.1-1 ,rebuild ,,
218,SAOIMAGE ,v1.13-7 ,rebuild ,,
218,SAE ,v1.0-4 ,rebuild ,,
218,RUNTIME ,v1.1 ,rebuild ,,
218,REF ,v1.1-3 ,rebuild ,,
218,PSMERGE ,v1.0-5 ,rebuild,,
218,PONGO ,v2.0-0 ,rebuild ,,
218,POLMAP ,v1.0-2 ,rebuild ,,
218,PGP ,v5.1.1-8 ,rebuild ,,
218,PDA ,v0.4-1 ,rebuild ,,
218,PAR ,v2.3 ,rebuild,,
218,ONE ,v1.0 ,rebuild,,
218,OBSERVE ,v2.3 ,rebuild,,
218,NEWS ,v2.1-1 ,rebuild ,,
218,NDF ,v1.5-8 ,rebuild,,
218,NCAR ,v1.3-1 ,rebuild ,,
218,NBS ,v2.5-8 ,rebuild ,,
218,MAG ,v2.0-1 ,rebuild,,
218,JPL ,v2.0-1 ,rebuild,,
218,JPEG ,v6a ,rebuild ,,
218,IUEDR ,v3.2-5 ,rebuild,,
218,IRCAMPACK ,v1.1-2 ,rebuild ,,
218,IRAFSTAR ,v1.2-2 ,rebuild,,
218,IDI ,v1.4-4 ,rebuild,,
218,ICL ,v3.1-9 ,rebuild,,
218,HLP ,V3.3-6 ,rebuild ,,
218,HDSTRACE ,v1.2-2 ,rebuild ,,
218,HDS ,v4.3-4 ,rebuild,,
218,GWM ,1.5-0 ,rebuild ,,
218,GSD ,v1.0 ,rebuild,,
218,GRAPHPAR ,v1.1-4 ,rebuild ,,
218,GNS ,v1.1-3 ,rebuild ,,
218,GKS ,v1.37 ,rebuild,,
218,GENERIC,v1.1-2,rebuild,,
218,FITSIO ,v5.0-3 ,rebuild ,,
218,FINDCOORDS ,v1.0 ,rebuild,,
218,ESP ,v0.10-8 ,rebuild,,
218,EMAIL ,v1.4 ,rebuild,,
218,ECHWIND ,v3.1-3 ,rebuild ,,
218,ECHOMOP ,v3.3-5 ,rebuild ,,
218,DOCFIND ,v1.3 ,rebuild ,,
218,DAOPHOT ,v1.3-2 ,rebuild,,
218,CURSA ,v6.4-1 ,rebuild,,
218,COCO ,v2.2-7 ,rebuild ,,
218,CNF ,v4.0-2 ,rebuild,,
218,CHR ,v2.2-5 ,rebuild,,
218,CAT ,v8.1 ,rebuild,,
218,ASURV ,v1.2-2 ,rebuild ,,
218,ARY ,v1.1-8 ,rebuild ,,
218,ARD ,v2.0-4 ,rebuild,,
218,A2PS ,v3.04 ,rebuild ,,
218,AGI ,v2.1-0,rebuild,,
218,CGS4DR ,v1.3-4,rebuild,,
218,DATACUBE ,v1.0-4,rebuild,,
218,FIO ,v1.5-3,rebuild,,
218,FLUXES ,v1.1-3,rebuild,,
218,HDSTOOLS,v1.0,rebuild,,
218,KAPRH ,v2.0,rebuild,,
218,NAOS ,v1.2,rebuild,,
218,NDG ,v5.2,rebuild,,
218,TCLSYS ,v3.3-6,rebuild,,
218,RV ,v2.4-4,rebuild,,
218,PHOTOM ,v1.9-0,rebuild,,
218,ASTROM ,v3.7,update,,
218,ATOOLS ,v1.5,update,,
218,CONVERT ,v1.5,update,,
218,DIPSO ,v3.6-1,update,,
218,GAIA ,v2.6-12,update,,
218,POLPACK ,v3.1-2,update,,
218,SPECX ,v6.8-1,update,,
218,AST ,v2.0-9,update,,
218,CFITSIO ,v2.4.40b,update,,
218,HTX ,v1.2-7,update,,
218,GRP ,v3.2,update,,
218,IMG ,v1.3-1,update,,
218,JRE ,v1.4.1_02,update,,
218,KAPLIBS ,v2.3,update,,
218,MERS ,v1.8,update,,
218,PCS ,v4.1-1,update,,
218,PGPLOT ,v5.2.2-2,update,,
218,PERL ,v5.8.0,update,,
218,SLALIB ,v2.4-11,update,,
218,KAPPA ,v1.1-1,update ,,
218,ORAC-DR ,v4.0-1,update ,,
218,INIT ,v1.1-24,update ,,
218,PERLMODS ,v1.5,update ,,
218,PSX ,v0.4,update ,,
218,STARPERL ,v1.4,update ,,
218,INFO ,v2003.1,update ,,
218,DOCS ,v2003.1,update ,,
218,EMS ,v2.0-7,fix,,
218,IFD ,v1.2-8,fix,,
218,MESSGEN ,v1.1-4,fix,,
218,STAR2HTML ,v1.4-6,fix,,
218,PRIMDAT ,v1.3-1,fix,,
218,CCDPACK ,v4.0-15,fix,,
218,EXTRACTOR ,v1.4-2,fix,,
218,FIGARO ,v5.6-2,fix,,
218,PERIOD ,v5.0-2,fix,,
218,PISA ,v2.4-5,fix,,
218,SURF ,v1.6-11,fix,,
218,STARJAVA,v1.0b,new,JNIAST,JNIHDS,SPLAT and TREEVIEW in STARJAVA,
218,FROG,v0.1a,new,In STARJAVA,
218,JSKY,v2.0,new,In STARJAVA,
218,SOG,v0.1,new,In STARJAVA,
218,SPLAT,v2.0,update,In STARJAVA,
218,TABLECOPY,v0.3,new,In STARJAVA,
218,TOPCAT,v0.3b,new,In STARJAVA,
218,TREEVIEW,v2.1-3,update,In STARJAVA,
218,ARRAY,v0.2,new,In STARJAVA,
218,ASTGUI,v1.0,new,In STARJAVA,
218,AXIS,v1.0b2,new,In STARJAVA,
218,DOM4J,v0.1,new,In STARJAVA,
218,FITS,v0.1,new,In STARJAVA,
218,HDX,v0.1,new,In STARJAVA,
218,JAIUTIL,v1.0,new,In STARJAVA,
218,JETTY,v4.0.4,new,In STARJAVA,
218,JNIAST,v2.0-4,update,In STARJAVA,
218,JNIHDS,v0.3,update,In STARJAVA,
218,JUNIT,v3.7,new,In STARJAVA,
218,NDX,v0.1,new,In STARJAVA,
218,PAL,v0.1,new,In STARJAVA,
218,TABLE,v0.3,new,In STARJAVA,
218,TAMFITS,v0.93,new,In STARJAVA,
218,UTIL,v0.1,new,In STARJAVA,
218,VOTABLE,v1.0,new,In STARJAVA,
218,RV-J,v1.0,new,In STARJAVA,
218,HDS-J,v0.1,new,In STARJAVA,
218,COCO-J,v1.0,new,In STARJAVA,
219,HELP,v1.0,new,In STARJAVA,
219,JPCS,v0.1,new,In STARJAVA,
219,MIRAGE,v0.1,new,In STARJAVA,
219,NDTOOLS,v0.1,new,In STARJAVA,
219,TASK,v0.1,new,In STARJAVA,
219,DIVA,v1.0,new,In STARJAVA,
219,SOAPSERVER,v0.2,new,In STARJAVA,
219,XRT ,v1.0 ,rebuild,,
219,XDISPLAY ,v2.2 ,rebuild,,
219,TSP ,v2.3-2 ,rebuild,,
219,TRANSFORM ,v0.9-4 ,rebuild ,,
219,SX ,v1.1 ,rebuild ,,
219,STARX ,v1.2 ,rebuild ,,
219,STARTCL ,v1.5-5 ,rebuild,,
219,SPT ,v1.0-5 ,rebuild ,,
219,SOFTLINK ,v1.3 ,rebuild ,,
219,SNX ,v1.1-1 ,rebuild,,
219,SKYCAL ,v4.1-3 ,rebuild,,
219,SGS ,v1.1-1 ,rebuild ,,
219,SAOIMAGE ,v1.13-7 ,rebuild ,,
219,SAE ,v1.0-4 ,rebuild ,,
219,RUNTIME ,v1.1 ,rebuild ,,
219,REF ,v1.1-3 ,rebuild ,,
219,PSMERGE ,v1.0-5 ,rebuild,,
219,PONGO ,v2.0-0 ,rebuild ,,
219,POLMAP ,v1.0-2 ,rebuild ,,
219,PGP ,v5.1.1-8 ,rebuild ,,
219,PDA ,v0.4-1 ,rebuild ,,
219,PAR ,v2.3 ,rebuild,,
219,ONE ,v1.0 ,rebuild,,
219,OBSERVE ,v2.3 ,rebuild,,
219,NEWS ,v2.1-1 ,rebuild ,,
219,NCAR ,v1.3-1 ,rebuild ,,
219,NBS ,v2.5-8 ,rebuild ,,
219,MAG ,v2.0-1 ,rebuild,,
219,JPL ,v2.0-1 ,rebuild,,
219,JPEG ,v6a ,rebuild ,,
219,IUEDR ,v3.2-5 ,rebuild,,
219,IRCAMPACK ,v1.1-2 ,rebuild ,,
219,IRAFSTAR ,v1.2-2 ,rebuild,,
219,IDI ,v1.4-4 ,rebuild,,
219,ICL ,v3.1-9 ,rebuild,,
219,HLP ,V3.3-6 ,rebuild ,,
219,HDSTRACE ,v1.2-2 ,rebuild ,,
219,HDS ,v4.3-4 ,rebuild,,
219,GWM ,1.5-0 ,rebuild ,,
219,GSD ,v1.0 ,rebuild,,
219,GRAPHPAR ,v1.1-4 ,rebuild ,,
219,GNS ,v1.1-3 ,rebuild ,,
219,GKS ,v1.37 ,rebuild,,
219,GENERIC,v1.1-2,rebuild,,
219,FITSIO ,v5.0-3 ,rebuild ,,
219,FINDCOORDS ,v1.0 ,rebuild,,
219,ESP ,v0.10-8 ,rebuild,,
219,EMAIL ,v1.4 ,rebuild,,
219,ECHWIND ,v3.1-3 ,rebuild ,,
219,ECHOMOP ,v3.3-5 ,rebuild ,,
219,DOCFIND ,v1.3 ,rebuild ,,
219,DAOPHOT ,v1.3-2 ,rebuild,,
219,CURSA ,v6.4-1 ,rebuild,,
219,COCO ,v2.2-7 ,rebuild ,,
219,CNF ,v4.0-2 ,rebuild,,
219,CHR ,v2.2-5 ,rebuild,,
219,CAT ,v8.1 ,rebuild,,
219,ASURV ,v1.2-2 ,rebuild ,,
219,ARY ,v1.1-8 ,rebuild ,,
219,ARD ,v2.0-4 ,rebuild,,
219,AGI ,v2.1-0,rebuild,,
219,CGS4DR ,v1.3-4,rebuild,,
219,DATACUBE ,v1.0-4,rebuild,,
219,FIO ,v1.5-3,rebuild,,
219,FLUXES ,v1.1-3,rebuild,,
219,HDSTOOLS,v1.0,rebuild,,
219,KAPRH ,v2.0,rebuild,,
219,NAOS ,v1.2,rebuild,,
219,TCLSYS ,v3.3-6,rebuild,,
219,RV ,v2.4-4,rebuild,,
219,PHOTOM ,v1.9-0,rebuild,,
219,JSKY,v2.0,rebuild,In STARJAVA,
219,COCO,v1.0,rebuild,In STARJAVA,
219,ARRAY,v0.2,rebuild,In STARJAVA,
219,AXIS,v1.0b2,rebuild,In STARJAVA,
219,FITS,v0.1,rebuild,In STARJAVA,
219,HDS,v0.1,rebuild,In STARJAVA,
219,VOTABLE,v2.0,update,In STARJAVA,
219,UTIL,v1.0,update,In STARJAVA,
219,TAMFITS,v0.96a,update,In STARJAVA,
219,TABLE,v1.0,update,In STARJAVA,
219,RV,v1.0,rebuild,In STARJAVA,
219,PAL,v1.0,update,In STARJAVA,
219,NDX,v0.1,rebuild,In STARJAVA,
219,JUNIT,v3.7,rebuild,In STARJAVA,
219,JNIHDS,v0.3,rebuild,In STARJAVA,
219,JNIAST,v3.2-8,update,In STARJAVA,
219,JETTY,v4.0.4,rebuild,In STARJAVA,
219,JAIUTIL,v1.1,update,In STARJAVA,
219,DOM4J,v0.1,deleted,In STARJAVA,
219,ASTGUI,v1.1,update,In STARJAVA,
219,TREEVIEW,v2.2,update,In STARJAVA,
219,TOPCAT,v1.1,update,In STARJAVA,
219,TABLECOPY,v1.0,update,In STARJAVA,
219,SPLAT,v2.1,update,In STARJAVA,
219,SOG,v0.2,update,In STARJAVA,
219,FROG,v0.7,update,In STARJAVA,
219,JCMTDR,v1.2-2,rebuild,,
219,NDF ,v1.5-9,update,,
219,NDG ,v5.2-2,update,,
219,ASTROM ,v3.7,rebuild,,
219,ATOOLS ,v1.6-3,update,,
219,CONVERT ,v1.5-4,update,,
219,GAIA ,v2.7-3,update,,
219,AST ,v3.2-15,update,,
219,CFITSIO ,v2.4.40b,rebuild,,
219,HTX ,v1.2-10,update,,
219,GRP ,v3.2,rebuild,,
219,IMG ,v1.3-1,rebuild,,
219,JRE ,v1.4.1_06,update,,
219,KAPLIBS ,v2.7-2,update,,
219,MERS ,v1.8,rebuild,,
219,PGPLOT ,v5.2.2-2,rebuild,,
219,PERL ,v5.8.2,update,,
219,SLALIB ,v2.4-12,maint,,
219,KAPPA ,v1.3-1,update ,,
219,PERLMODS ,v1.5-3,update ,,
219,PSX ,v0.4,rebuild,,
219,STARPERL ,v1.4.2,update,,
219,DOCS ,v2004.1,update ,,
219,EMS ,v2.0-7,rebuild,,
219,IFD ,v1.2-8,rebuild,,
219,MESSGEN ,v1.1-4,rebuild,,
219,PRIMDAT ,v1.3-1,rebuild,,
219,FIGARO ,v5.6-2,rebuild,,
219,PERIOD ,v5.0-2,rebuild,,
219,PISA ,v2.4-5,rebuild,,
219,SURF ,v1.6-11,rebuild,,
219,A2PS ,v3.0-4,rebuild ,,
219,HDX,v0.2,update,In STARJAVA,
219,STARJAVA,V1.0,update,JNIAST,JNIHDS,SPLAT and TREEVIEW in STARJAVA,
219,CCDPACK ,v4.0-16,fix,,
219,DIPSO ,v3.6-4,fix,,
219,POLPACK ,v3.1-3,fix,,
219,SPECX ,v6.8-4,fix,,
219,INIT ,v1.1-25,fix,,
219,PCS ,v4.1-2,fix,,
219,STAR2HTML ,v1.4-7,fix,,
219,INFO ,v2004.1-1,update ,,
219,EXTRACTOR ,v2.3-1,update,,
219,AUTOASTROM,v0.5-11,update,,
219,ORAC-DR ,v4.1-0,update ,,
